NrRows,NrPlantsPerRow,distanceBetweenRows_m,distanceBetweenPlants_m,totalNrPlants,plantDensityPerM2,power_of_light_umol_m2_s1,fraction_red_light,fraction_green_light,fraction_blue_light,day,meanBiomassLeafPerPlant_mg_plant,minBiomassLeafPerPlant_mg_plant,biomassLeafPerGroundArea_mg_m2,meanBiomassLeafBlade_mg_plant,meanBiomassPetiole_mg_plant,meanBiomassStem_mg_plant,meanBiomassRoot_mg_plant,meanTotalBiomassPerPlant_mg_plant,meanLeafAreaPerPlant_cm2_plant,
2,2,0.1,0.1,4.0,100.0,250.0,0.49,0.38,0.13,0,0.0,0.0,0.0,0.0,0.0,0.0,0.0,0.0,0.0,
2,2,0.1,0.1,4.0,100.0,250.0,0.49,0.38,0.13,1,0.0,0.0,0.0,0.0,0.0,0.0,0.0,0.0,0.0,
2,2,0.1,0.1,4.0,100.0,250.0,0.49,0.38,0.13,2,0.0,0.0,0.0,0.0,0.0,0.0,1.8004115226337445,1.8004115226337445,0.0,
2,2,0.1,0.1,4.0,100.0,250.0,0.49,0.38,0.13,3,0.0,0.0,0.0,0.0,0.0,0.0,5.298353909465019,5.298353909465019,0.0,
2,2,0.1,0.1,4.0,100.0,250.0,0.49,0.38,0.13,4,0.0,0.0,0.0,0.0,0.0,0.0,10.39094650205761,10.39094650205761,0.0,
2,2,0.1,0.1,4.0,100.0,250.0,0.49,0.38,0.13,5,0.0,0.0,0.0,0.0,0.0,0.0,16.44309156378601,16.44309156378601,0.0,
2,2,0.1,0.1,4.0,100.0,250.0,0.49,0.38,0.13,6,0.24178688229750284,0.24178688229750284,24.17868822975028,0.09671475291900114,0.1450721293785017,0.0102888035020214,22.19994862397414,22.452024309773666,0.05373041828833396,
2,2,0.1,0.1,4.0,100.0,250.0,0.49,0.38,0.13,7,0.625967636606892,0.6245208454728955,62.59676366068919,0.2503870546427568,0.37558058196413513,0.026636920706676257,27.806298831331766,28.458903388645336,0.13910391924597598,
2,2,0.1,0.1,4.0,100.0,250.0,0.49,0.38,0.13,8,1.1028789784160937,1.1014385815108645,110.28789784160935,0.44115159136643745,0.6617273870496563,0.04693102035813165,33.3466606340234,34.49647063279763,0.2450842174257986,
2,2,0.1,0.1,4.0,100.0,250.0,0.49,0.38,0.13,9,4.289645678918833,4.284090494296315,428.96456789188323,2.8793203193258115,1.4103253595930227,0.0638599533703325,36.18759847914689,40.541104111436056,1.5996223996254506,
2,2,0.1,0.1,4.0,100.0,250.0,0.49,0.38,0.13,10,8.625234654493363,8.61138575723648,862.5234654493362,6.250960327062602,2.374274327430762,0.08133076921479263,38.476751498599214,47.18331692230737,3.472755737257001,
2,2,0.1,0.1,4.0,100.0,250.0,0.49,0.38,0.13,11,13.979304025523401,13.931340350256344,1397.9304025523397,10.43856045566305,3.5407435698603535,0.10046547718201027,40.63707122935588,54.7168407320613,5.799200253146139,
2,2,0.1,0.1,4.0,100.0,250.0,0.49,0.38,0.13,12,20.814930017024274,20.729380275863427,2081.493001702427,15.824534998243376,4.990395018780898,0.12085584784908456,42.45676386872642,63.39254973359978,8.791408332357431,
2,2,0.1,0.1,4.0,100.0,250.0,0.49,0.38,0.13,13,29.23432179809737,29.048053112384434,2923.432179809736,22.479351617266353,6.754970180831019,0.1438335121436678,44.22317674490847,73.60133205514951,12.488528676259085,
2,2,0.1,0.1,4.0,100.0,250.0,0.49,0.38,0.13,14,39.293436351664354,38.8918425499086,3929.3436351664345,30.444594111300546,8.84884224036381,0.16982103268366,46.03128611230328,85.49454349665129,16.91366339516697,
2,2,0.1,0.1,4.0,100.0,250.0,0.49,0.38,0.13,15,51.39611581273377,50.89395904272387,5139.611581273376,40.04902981362196,11.347085999111812,0.19894494904532958,47.77763223585551,99.3726929976346,22.249461007567753,
2,2,0.1,0.1,4.0,100.0,250.0,0.49,0.38,0.13,16,66.16865779905318,65.31001102512487,6616.865779905316,51.7879182514275,14.38073954762568,0.2328916362594198,49.61507701046631,116.0166264457789,28.771065695237496,
2,2,0.1,0.1,4.0,100.0,250.0,0.49,0.38,0.13,17,83.99745300534053,82.8605877115393,8399.745300534052,65.96886077750625,18.028592227834295,0.27249199201676927,51.611731296215325,135.88167629357264,36.649367098614576,
2,2,0.1,0.1,4.0,100.0,250.0,0.49,0.38,0.13,18,105.69051327752811,103.86931147616784,10569.05132775281,83.24226944319517,22.448243834332967,0.3187529380904912,53.710539650640584,159.7198058662592,46.24570524621953,
2,2,0.1,0.1,4.0,100.0,250.0,0.49,0.38,0.13,19,131.5569991793076,129.11926761734844,13155.699917930759,103.85545912477104,27.701540054536547,0.372217342000857,55.962004241648344,187.89122076295683,57.69747729153947,
2,2,0.1,0.1,4.0,100.0,250.0,0.49,0.38,0.13,20,163.0289993654721,159.83047144167716,16302.899936547206,128.952365623282,34.07663374219008,0.4355704420119569,58.49768890497491,221.96225871245895,71.64020312404556,
2,2,0.1,0.1,4.0,100.0,250.0,0.49,0.38,0.13,21,201.07907163685917,197.266465128667,20107.90716368591,159.31704505392304,41.762026582936116,0.5099026025380642,61.247681114815535,262.8366553542128,88.5094694744017,
2,2,0.1,0.1,4.0,100.0,250.0,0.49,0.38,0.13,22,245.79676261295282,241.23222155207193,24579.676261295277,195.02504685322833,50.771715759724486,0.5949716057455696,64.22888235265027,310.6206165713487,108.34724825179353,
2,2,0.1,0.1,4.0,100.0,250.0,0.49,0.38,0.13,23,298.8692433778497,293.111482795733,29886.924337784967,237.42960174417212,61.43964163367761,0.6933760785496135,67.56426560943407,367.12688506583333,131.90533430231784,
2,2,0.1,0.1,4.0,100.0,250.0,0.49,0.38,0.13,24,361.42506846648087,353.9711559915819,36142.50684664808,287.44284378975004,73.98222467673088,0.8061449762869726,71.17180511145244,433.40301855422035,159.69046877208336,
2,2,0.1,0.1,4.0,100.0,250.0,0.49,0.38,0.13,25,434.2745000886428,424.5893347606028,43427.450008864274,345.7223890874795,88.55211100116324,0.9337379557672532,75.11324721048719,510.32148525489725,192.0679939374886,
2,2,0.1,0.1,4.0,100.0,250.0,0.49,0.38,0.13,26,518.6397421905926,506.5115796482555,51863.97421905925,413.21458276903945,105.42515942155325,1.0815004346866948,79.47170401861379,599.1929466438932,229.56365709391082,
2,2,0.1,0.1,4.0,100.0,250.0,0.49,0.38,0.13,27,615.9476545670979,600.1216064943856,61594.76545670977,491.0609126702436,124.88674189685426,1.2519315031337312,84.1503326519808,701.3499187222124,272.8116181501353,
2,2,0.1,0.1,4.0,100.0,250.0,0.49,0.38,0.13,28,727.0955503437814,708.2407993218658,72709.55503437812,579.9792292915904,147.11632105219095,1.4466027705591928,89.22425731185677,817.7664104261974,322.21068293977237,
2,2,0.1,0.1,4.0,100.0,250.0,0.49,0.38,0.13,29,853.562467175808,828.4273594530817,85356.24671758078,681.1527627572118,172.40970441859633,1.6681047145685164,94.54609279462692,949.7766646850034,378.4182015317843,
2,2,0.1,0.1,4.0,100.0,250.0,0.49,0.38,0.13,30,995.5408417875783,956.0903961756304,99554.08417875781,794.735462446628,200.80537934095037,1.9167743806880828,99.8759467495216,1097.3335629177882,441.5197013592378,
2,2,0.1,0.1,4.0,100.0,250.0,0.49,0.38,0.13,31,1152.885712839071,1097.2136690925652,115288.57128390708,920.6113592878221,232.2743535512489,2.1923578747025103,105.19655877267088,1260.2746294864444,511.4507551599012,
2,2,0.1,0.1,4.0,100.0,250.0,0.49,0.38,0.13,32,1324.5998859625643,1251.0616900167258,132459.9885962564,1057.9826977866169,266.6171881759476,2.493108649004421,110.19660865015327,1437.289603261722,587.7681654370094,
2,2,0.1,0.1,4.0,100.0,250.0,0.49,0.38,0.13,33,1510.3406401668399,1414.62102525751,151034.06401668396,1206.5753011500371,303.76533901680267,2.8184264409503546,114.59318121322886,1627.752247821019,670.3196117500207,
2,2,0.1,0.1,4.0,100.0,250.0,0.49,0.38,0.13,34,1709.364812020269,1584.6378447300033,170936.48120202686,1365.7946386327806,343.5701733874885,3.167009628353689,118.29467918403198,1830.8265008326548,758.7747992404337,
2,2,0.1,0.1,4.0,100.0,250.0,0.49,0.38,0.13,35,1922.4250241802768,1765.276592782641,192242.50241802764,1536.2428083607867,386.18221581949,3.5401764008714585,121.01642624988946,2046.9816268310374,853.4682268671038,
2,2,0.1,0.1,4.0,100.0,250.0,0.49,0.38,0.13,36,2148.8198233865724,1958.5827125903272,214881.9823386572,1717.3586477258232,431.4611756607492,3.936698190078987,122.48174315929953,2275.2382647359514,954.0881376254574,
2,2,0.16,0.16,4.0,39.06,250.0,0.49,0.38,0.13,0,0.0,0.0,0.0,0.0,0.0,0.0,0.0,0.0,0.0,
2,2,0.16,0.16,4.0,39.06,250.0,0.49,0.38,0.13,1,0.0,0.0,0.0,0.0,0.0,0.0,0.0,0.0,0.0,
2,2,0.16,0.16,4.0,39.06,250.0,0.49,0.38,0.13,2,0.0,0.0,0.0,0.0,0.0,0.0,1.8004115226337445,1.8004115226337445,0.0,
2,2,0.16,0.16,4.0,39.06,250.0,0.49,0.38,0.13,3,0.0,0.0,0.0,0.0,0.0,0.0,5.298353909465019,5.298353909465019,0.0,
2,2,0.16,0.16,4.0,39.06,250.0,0.49,0.38,0.13,4,0.0,0.0,0.0,0.0,0.0,0.0,10.39094650205761,10.39094650205761,0.0,
2,2,0.16,0.16,4.0,39.06,250.0,0.49,0.38,0.13,5,0.0,0.0,0.0,0.0,0.0,0.0,16.44309156378601,16.44309156378601,0.0,
2,2,0.16,0.16,4.0,39.06,250.0,0.49,0.38,0.13,6,0.24178688229750284,0.24178688229750284,9.444800089746204,0.09671475291900114,0.1450721293785017,0.0102888035020214,22.19994862397414,22.452024309773666,0.05373041828833396,
2,2,0.16,0.16,4.0,39.06,250.0,0.49,0.38,0.13,7,0.6272337517906336,0.6260479213595516,24.50131842932162,0.25089350071625344,0.3763402510743801,0.0266907979485376,27.824775251723178,28.47869980146235,0.13938527817569635,
2,2,0.16,0.16,4.0,39.06,250.0,0.49,0.38,0.13,8,1.1053099486440854,1.1034673751041852,43.17616986890958,0.4421239794576341,0.6631859691864512,0.047034465899748315,33.37866937756811,34.53101379211195,0.24562443303201897,
2,2,0.16,0.16,4.0,39.06,250.0,0.49,0.38,0.13,9,4.305432736799164,4.278827501343608,168.1809662812173,2.8905113391218884,1.4149213976772752,0.06403434992105059,36.23151390380143,40.60098099052164,1.6058396328454934,
2,2,0.16,0.16,4.0,39.06,250.0,0.49,0.38,0.13,10,8.671616164814901,8.625454516349834,338.73500643808205,6.285943611403754,2.3856725534111476,0.08162845006378569,38.536820526277204,47.29006514115589,3.492190895224307,
2,2,0.16,0.16,4.0,39.06,250.0,0.49,0.38,0.13,11,14.145763846764341,14.05411028828241,552.5689002642321,10.567461079396361,3.578302767367978,0.10119230140838872,40.74559079555674,54.992546943729465,5.870811710775756,
2,2,0.16,0.16,4.0,39.06,250.0,0.49,0.38,0.13,12,21.001078290851353,20.625209813366777,820.354620736381,15.968948686112093,5.032129604739266,0.12164140186064902,42.57052464214021,63.69324433485221,8.871638158951162,
2,2,0.16,0.16,4.0,39.06,250.0,0.49,0.38,0.13,13,29.475706588602748,28.745349063336423,1151.3947886172948,22.667425096569644,6.808281492033102,0.1447698141154221,44.34852630012895,73.96900270284712,12.593013942538693,
2,2,0.16,0.16,4.0,39.06,250.0,0.49,0.38,0.13,14,39.85940434263097,38.83325431268872,1557.007982134022,30.889686624177394,8.969717718453575,0.17159588883868798,46.21497896624331,86.24597919771297,17.160937013431884,
2,2,0.16,0.16,4.0,39.06,250.0,0.49,0.38,0.13,15,52.37851793828199,50.900607218608734,2046.03585696414,40.82459582889193,11.553922109390061,0.2017219132826803,48.02141410884134,100.60165396040603,22.68033101605107,
2,2,0.16,0.16,4.0,39.06,250.0,0.49,0.38,0.13,16,67.47631563223335,65.38667635586182,2635.793579384115,52.821946247660996,14.654369384572355,0.23641602458815603,49.899314981052285,117.61204663787379,29.345525693145,
2,2,0.16,0.16,4.0,39.06,250.0,0.49,0.38,0.13,17,85.84137228390136,83.35642533069105,3353.1786048398967,67.4294286856017,18.41194359829965,0.2772074952677598,51.95602541197613,138.07460519114525,37.46079371422317,
2,2,0.16,0.16,4.0,39.06,250.0,0.49,0.38,0.13,18,108.17010783108353,105.39978398517803,4225.3948371517,85.2090028561057,22.961104974977832,0.3248240333717416,54.116335489123784,162.61126735357908,47.33833492005873,
2,2,0.16,0.16,4.0,39.06,250.0,0.49,0.38,0.13,19,135.18645236075557,132.10280134903167,5280.720795342014,106.73852319402772,28.447929166727825,0.3806651229422664,56.46788580477135,192.03500328846917,59.299179552237625,
2,2,0.16,0.16,4.0,39.06,250.0,0.49,0.38,0.13,20,167.67755568453134,163.80043983280507,6549.9045189270055,132.64809924025346,35.02945644427788,0.4460696763918769,59.08567914187471,227.20930450279792,73.69338846680748,
2,2,0.16,0.16,4.0,39.06,250.0,0.49,0.38,0.13,21,206.7447234607506,201.81207340240545,8075.965760185571,163.82444017666776,42.92028328408284,0.5223887689215909,61.9091798774023,269.1762921070745,91.01357787592653,
2,2,0.16,0.16,4.0,39.06,250.0,0.49,0.38,0.13,22,253.78643537372008,247.30933046067503,9913.53263178594,201.3882207960367,52.39821457768339,0.6118788891460527,65.04531697937796,319.4436312422441,111.88234488668706,
2,2,0.16,0.16,4.0,39.06,250.0,0.49,0.38,0.13,23,310.10249113742276,302.6972024682248,12113.378560055577,246.38437027795212,63.71812085947068,0.7162974446377287,68.584545347361,379.4033339294215,136.88020570997338,
2,2,0.16,0.16,4.0,39.06,250.0,0.49,0.38,0.13,24,377.7081955186556,369.46263797221474,14754.226387447483,300.43497950722553,77.27321601143005,0.8381697203694882,72.48330695383845,451.0296721928635,166.90832194845862,
2,2,0.16,0.16,4.0,39.06,250.0,0.49,0.38,0.13,25,458.11824070683093,448.32818291341766,17895.243777610583,364.7630156577659,93.35522504906513,0.979004823914512,76.83380812087222,535.9310536516176,202.6461198098699,
2,2,0.16,0.16,4.0,39.06,250.0,0.49,0.38,0.13,26,554.0631935704084,543.0191325932124,21643.09349884408,441.51897794862793,112.54421562178065,1.1470487211607159,81.79049315602343,637.0007354475927,245.28832108257106,
2,2,0.16,0.16,4.0,39.06,250.0,0.49,0.38,0.13,27,667.7247633131813,654.2672406121558,26082.998566921142,532.448233742846,135.27652957033519,1.3461225919234117,87.25541642613126,756.3263023312359,295.8045743015811,
2,2,0.16,0.16,4.0,39.06,250.0,0.49,0.38,0.13,28,801.2463971165034,784.9200218971852,31298.687387363414,639.2655407855038,161.98085633099964,1.5799806015562294,93.35070690057071,896.1770846186303,355.14752265861324,
2,2,0.16,0.16,4.0,39.06,250.0,0.49,0.38,0.13,29,956.7259319025777,936.0508492389314,37372.10671494444,763.6491686143631,193.07676328821444,1.85229703079695,99.89341803638598,1058.4716469697605,424.2495381190907,
2,2,0.16,0.16,4.0,39.06,250.0,0.49,0.38,0.13,30,1136.1482152425378,1111.2455888424224,44380.789657911635,907.1869952863316,228.96121995620655,2.1665482638777616,106.62891257258308,1244.9436760789988,503.992775159073,
2,2,0.16,0.16,4.0,39.06,250.0,0.49,0.38,0.13,31,1341.736897488432,1309.7820671645416,52411.597558141875,1071.657941083047,270.0789564053854,2.526628938923114,113.5808876021533,1457.8444140295087,595.365522823915,
2,2,0.16,0.16,4.0,39.06,250.0,0.49,0.38,0.13,32,1575.06381162988,1535.04157291059,61525.93014179219,1258.3194723962054,316.74433923367496,2.9352920610001054,120.3750047518615,1698.3741084427415,699.0663735534473,
2,2,0.16,0.16,4.0,39.06,250.0,0.49,0.38,0.13,33,1837.5338045330077,1787.6404944298372,71778.66423957061,1468.2954667187073,369.2383378143005,3.3949981653987322,126.58779512397021,1967.5165978223763,815.719703732615,
2,2,0.16,0.16,4.0,39.06,250.0,0.49,0.38,0.13,34,2111.3551145330075,2061.4618044298377,82474.8091614456,1687.3525147187072,424.0025998143005,3.8745856653987323,131.6803877165628,2246.9100879149687,937.4180637326151,
2,2,0.16,0.16,4.0,39.06,250.0,0.49,0.38,0.13,35,2385.176424533008,2335.2831144298375,93170.95408332061,1906.4095627187073,478.76686181430046,4.3541731653987314,135.17833010339407,2524.7089278018,1059.1164237326152,
2,2,0.16,0.16,4.0,39.06,250.0,0.49,0.38,0.13,36,2663.344104533008,2613.4507944298375,104036.87908332061,2128.9437067187073,534.4003978143005,4.841373165398732,136.97874162602784,2805.1642193244343,1182.746503732615,
2,2,0.2,0.2,4.0,25.0,250.0,0.49,0.38,0.13,0,0.0,0.0,0.0,0.0,0.0,0.0,0.0,0.0,0.0,
2,2,0.2,0.2,4.0,25.0,250.0,0.49,0.38,0.13,1,0.0,0.0,0.0,0.0,0.0,0.0,0.0,0.0,0.0,
2,2,0.2,0.2,4.0,25.0,250.0,0.49,0.38,0.13,2,0.0,0.0,0.0,0.0,0.0,0.0,1.8004115226337445,1.8004115226337445,0.0,
2,2,0.2,0.2,4.0,25.0,250.0,0.49,0.38,0.13,3,0.0,0.0,0.0,0.0,0.0,0.0,5.298353909465019,5.298353909465019,0.0,
2,2,0.2,0.2,4.0,25.0,250.0,0.49,0.38,0.13,4,0.0,0.0,0.0,0.0,0.0,0.0,10.39094650205761,10.39094650205761,0.0,
2,2,0.2,0.2,4.0,25.0,250.0,0.49,0.38,0.13,5,0.0,0.0,0.0,0.0,0.0,0.0,16.44309156378601,16.44309156378601,0.0,
2,2,0.2,0.2,4.0,25.0,250.0,0.49,0.38,0.13,6,0.24178688229750284,0.24178688229750284,6.04467205743757,0.09671475291900114,0.1450721293785017,0.0102888035020214,22.19994862397414,22.452024309773666,0.05373041828833396,
2,2,0.2,0.2,4.0,25.0,250.0,0.49,0.38,0.13,7,0.6259871955180805,0.6251701056850829,15.649679887952008,0.25039487820723216,0.3755923173108483,0.02663775300076938,27.806584254546152,28.459209203064997,0.13910826567068454,
2,2,0.2,0.2,4.0,25.0,250.0,0.49,0.38,0.13,8,1.1013829937000885,1.0989187067968385,27.534574842502206,0.4405531974800354,0.6608297962200531,0.04686736143404632,33.32933972397139,34.477590079105525,0.24475177637779746,
2,2,0.2,0.2,4.0,25.0,250.0,0.49,0.38,0.13,9,4.2834037659394655,4.262307571492594,107.08509414848662,2.8750908551527004,1.408312910786766,0.06377108284175836,36.166046670356195,40.51322151913742,1.5972726973070557,
2,2,0.2,0.2,4.0,25.0,250.0,0.49,0.38,0.13,10,8.690429962073981,8.552409049197472,217.2607490518495,6.302285158335508,2.3881448037384727,0.08152976419465917,38.49291791680547,47.26487764307411,3.5012695324086156,
2,2,0.2,0.2,4.0,25.0,250.0,0.49,0.38,0.13,11,14.102215110073029,13.83881517105001,352.55537775182563,10.535026763130762,3.5671883469422667,0.10087074041521298,40.67652545411107,54.87961130459931,5.852792646183757,
2,2,0.2,0.2,4.0,25.0,250.0,0.49,0.38,0.13,12,20.982851387184112,20.654613611157245,524.5712846796027,15.956466126746106,5.02638526043801,0.12139537477789678,42.508200154162324,63.612446916124334,8.864703403747836,
2,2,0.2,0.2,4.0,25.0,250.0,0.49,0.38,0.13,13,29.34148293337006,28.795976887604557,733.5370733342513,22.563256922595993,6.778226010774064,0.14420721613467166,44.261865356396505,73.74755550590123,12.535142734775553,
2,2,0.2,0.2,4.0,25.0,250.0,0.49,0.38,0.13,14,39.45728019226368,38.47803889288151,986.4320048065919,30.573383237242858,8.88389695502083,0.1703411753061253,46.08016334724566,85.70778471481546,16.985212909579367,
2,2,0.2,0.2,4.0,25.0,250.0,0.49,0.38,0.13,15,51.77479253762034,50.314131695778,1294.3698134405083,40.34830586607656,11.426486671543788,0.19998206602655935,47.8575086041628,99.83228320780971,22.41572548115364,
2,2,0.2,0.2,4.0,25.0,250.0,0.49,0.38,0.13,16,66.63672449245863,64.40588650069374,1665.9181123114654,52.15822736433125,14.478497128127369,0.23413416767130055,49.70607192091142,116.57693058104135,28.976792980184033,
2,2,0.2,0.2,4.0,25.0,250.0,0.49,0.38,0.13,17,84.45613003712384,81.2251079407732,2111.4032509280955,66.33170139631028,18.124428640813537,0.2737136676200339,51.70167465449986,136.43151835924374,36.85094522017238,
2,2,0.2,0.2,4.0,25.0,250.0,0.49,0.38,0.13,18,106.26494881792077,101.89980461647895,2656.6237204480185,83.69728442562756,22.567664392293228,0.3202214713550153,53.81168267010325,160.39685295937903,46.498491347570855,
2,2,0.2,0.2,4.0,25.0,250.0,0.49,0.38,0.13,19,132.45800926945535,126.71186650032354,3311.450231736383,104.5707237276907,27.88728554176465,0.3743608843756735,56.09157288637336,188.9239430402044,58.09484651538371,
2,2,0.2,0.2,4.0,25.0,250.0,0.49,0.38,0.13,20,163.99680716155657,156.79091249550356,4099.920179038913,129.72089712281746,34.27591003873912,0.437848448091644,58.63263941032166,223.06729501996986,72.06716506823193,
2,2,0.2,0.2,4.0,25.0,250.0,0.49,0.38,0.13,21,202.33207944597856,193.28424409122496,5058.301986149463,160.3131715737164,42.01890787226219,0.5127377569195931,61.403243875731704,264.24806107862986,89.0628730965091,
2,2,0.2,0.2,4.0,25.0,250.0,0.49,0.38,0.13,22,248.35301203974225,237.12798468222454,6208.825300993555,197.06183877888017,51.291173260862095,0.600285990671739,64.47132852456083,313.42462655497485,109.47879932160009,
2,2,0.2,0.2,4.0,25.0,250.0,0.49,0.38,0.13,23,303.90797642144844,289.92880964646076,7597.699410536209,241.4498813696204,62.45809505182803,0.7032933666760111,67.96272548508357,372.573995273208,134.13882298312245,
2,2,0.2,0.2,4.0,25.0,250.0,0.49,0.38,0.13,24,370.4903539561935,353.30530809789633,9262.258848904836,294.6823430771784,75.80801087901511,0.8233208990870651,71.80247273091678,443.1161475861973,163.71241282065466,
2,2,0.2,0.2,4.0,25.0,250.0,0.49,0.38,0.13,25,449.97719413641425,428.7342354596588,11249.429853410355,358.271815221355,91.70537891505927,0.9625390445445228,76.10302485918156,527.0427580401404,199.0398973451972,
2,2,0.2,0.2,4.0,25.0,250.0,0.49,0.38,0.13,26,545.5054357748625,519.6057343302315,13637.635894371559,434.69440853211347,110.8110272427489,1.1298530880964262,81.0381818594343,627.6734707223931,241.49689362895194,
2,2,0.2,0.2,4.0,25.0,250.0,0.49,0.38,0.13,27,659.7395997757549,627.2345305910077,16493.48999439387,526.0817397328276,133.65786004292738,1.3299298356942595,86.53063583928522,747.6001654507345,292.2676331849042,
2,2,0.2,0.2,4.0,25.0,250.0,0.49,0.38,0.13,28,794.7193063988409,755.5924925322678,19867.982659971018,634.0655050312964,160.65380136754465,1.5663416038291034,92.69248764252353,888.9781356451936,352.25861390627574,
2,2,0.2,0.2,4.0,25.0,250.0,0.49,0.38,0.13,29,953.3895196079432,907.5430983179668,23834.737990198573,761.0016755985782,192.38784400936504,1.8442463836923664,99.36946524162526,1054.6032312332607,422.7787086658767,
2,2,0.2,0.2,4.0,25.0,250.0,0.49,0.38,0.13,30,1140.0348846048435,1084.949884077657,28500.87211512108,910.3179675960982,229.7169170087451,2.171148566672394,106.37611353937963,1248.5821467108954,505.73220422005454,
2,2,0.2,0.2,4.0,25.0,250.0,0.49,0.38,0.13,31,1356.2778735725462,1292.3810369202174,33906.94683931365,1083.3123587702603,272.96551480228567,2.5498898504371534,113.68836362630344,1472.5161270492868,601.8401993168113,
2,2,0.2,0.2,4.0,25.0,250.0,0.49,0.38,0.13,32,1604.0319739382824,1529.9388523757987,40100.799348457054,1281.5156390628497,322.5163348754329,2.9838216346695514,120.90257801901146,1727.9183735919635,711.9531328126942,
2,2,0.2,0.2,4.0,25.0,250.0,0.49,0.38,0.13,33,1880.948782457332,1803.1030464519984,47023.719561433296,1503.0490858780895,377.8996965792429,3.4688307813485655,127.45733143220335,2011.8749446708841,835.027269932272,
2,2,0.2,0.2,4.0,25.0,250.0,0.49,0.38,0.13,34,2154.770092457332,2076.924356451998,53869.25231143329,1722.1061338780894,432.66395857924294,3.948418281348565,132.54992402479593,2291.2684347634768,956.7256299322719,
2,2,0.2,0.2,4.0,25.0,250.0,0.49,0.38,0.13,35,2428.591402457332,2350.745666451998,60714.78506143329,1941.1631818780893,487.42822057924286,4.428005781348566,136.0478664116272,2569.067274650308,1078.423989932272,
2,2,0.2,0.2,4.0,25.0,250.0,0.49,0.38,0.13,36,2706.7590824573317,2628.913346451998,67668.97706143328,2163.6973258780895,543.0617565792429,4.915205781348567,137.84827793426095,2849.522566172941,1202.054069932272,
2,2,0.25,0.25,4.0,16.0,250.0,0.49,0.38,0.13,0,0.0,0.0,0.0,0.0,0.0,0.0,0.0,0.0,0.0,
2,2,0.25,0.25,4.0,16.0,250.0,0.49,0.38,0.13,1,0.0,0.0,0.0,0.0,0.0,0.0,0.0,0.0,0.0,
2,2,0.25,0.25,4.0,16.0,250.0,0.49,0.38,0.13,2,0.0,0.0,0.0,0.0,0.0,0.0,1.8004115226337445,1.8004115226337445,0.0,
2,2,0.25,0.25,4.0,16.0,250.0,0.49,0.38,0.13,3,0.0,0.0,0.0,0.0,0.0,0.0,5.298353909465019,5.298353909465019,0.0,
2,2,0.25,0.25,4.0,16.0,250.0,0.49,0.38,0.13,4,0.0,0.0,0.0,0.0,0.0,0.0,10.39094650205761,10.39094650205761,0.0,
2,2,0.25,0.25,4.0,16.0,250.0,0.49,0.38,0.13,5,0.0,0.0,0.0,0.0,0.0,0.0,16.44309156378601,16.44309156378601,0.0,
2,2,0.25,0.25,4.0,16.0,250.0,0.49,0.38,0.13,6,0.24178688229750284,0.24178688229750284,3.8685901167600454,0.09671475291900114,0.1450721293785017,0.0102888035020214,22.19994862397414,22.452024309773666,0.05373041828833396,
2,2,0.25,0.25,4.0,16.0,250.0,0.49,0.38,0.13,7,0.6255888505974878,0.6249518282457177,10.009421609559805,0.2502355402389952,0.3753533103584927,0.026620802153084593,27.800771206643276,28.452980859393847,0.13901974457721955,
2,2,0.25,0.25,4.0,16.0,250.0,0.49,0.38,0.13,8,1.1029512179073242,1.1013366905346,17.647219486517187,0.4411804871629296,0.6617707307443945,0.046934094379035084,33.34637265082944,34.496257963115795,0.24510027064607204,
2,2,0.25,0.25,4.0,16.0,250.0,0.49,0.38,0.13,9,4.311548892116843,4.2880009631851514,68.98478227386948,2.896051911740909,1.4154969803759343,0.06397899919783691,36.20677236600124,40.58230025731592,1.6089177287449492,
2,2,0.25,0.25,4.0,16.0,250.0,0.49,0.38,0.13,10,8.667104646135524,8.544014451108467,138.67367433816838,6.2832194036112705,2.3838852425242543,0.08153027375532776,38.5064676696557,47.25510258954655,3.4906774464507064,
2,2,0.25,0.25,4.0,16.0,250.0,0.49,0.38,0.13,11,14.093767030058444,13.923734543326647,225.5002724809351,10.527597001657776,3.5661700284006717,0.100924419172064,40.696078040334996,54.89076948956551,5.848665000920986,
2,2,0.25,0.25,4.0,16.0,250.0,0.49,0.38,0.13,12,20.912168977403173,20.550972106472997,334.59470363845077,15.900000254138174,5.012168723265001,0.1212634112755413,42.5111855156825,63.54461790436122,8.833333474521208,
2,2,0.25,0.25,4.0,16.0,250.0,0.49,0.38,0.13,13,29.187471488162046,28.88842744166847,466.99954381059274,22.440926500121904,6.746544988040146,0.14384783637092555,44.24736804399371,73.57868736852667,12.467181388956615,
2,2,0.25,0.25,4.0,16.0,250.0,0.49,0.38,0.13,14,39.32960074362859,38.650293336103715,629.2736118980574,30.47190362991143,8.857697113717157,0.17004982372698266,46.070399168103464,85.57004973545902,16.928835349950795,
2,2,0.25,0.25,4.0,16.0,250.0,0.49,0.38,0.13,15,51.761760625318146,50.74819103215468,828.1881700050903,40.33780816855121,11.423952456766939,0.19996660254888807,47.864287396458785,99.82601462432581,22.4098934269729,
2,2,0.25,0.25,4.0,16.0,250.0,0.49,0.38,0.13,16,66.68506779669019,65.11196128715497,1066.961084747043,52.19650101708559,14.488566779604605,0.23425974188912535,49.7204847122182,116.63981225079753,28.998056120603106,
2,2,0.25,0.25,4.0,16.0,250.0,0.49,0.38,0.13,17,84.608398669925,82.63546448278346,1353.7343787188,66.452636782199,18.155761887726012,0.2740700751575495,51.727726087132964,136.61019483221548,36.9181315456661,
2,2,0.25,0.25,4.0,16.0,250.0,0.49,0.38,0.13,18,106.4106874141352,103.80473330099919,1702.5709986261631,83.81302017674136,22.597667237393836,0.32056395344049193,53.83710232025978,160.56835368783547,46.562788987078534,
2,2,0.25,0.25,4.0,16.0,250.0,0.49,0.38,0.13,19,132.5228839064903,128.90012734476588,2120.366142503845,104.6220184049262,27.90086550156413,0.3745362257296345,56.10995399478624,189.00737412700616,58.12334355829232,
2,2,0.25,0.25,4.0,16.0,250.0,0.49,0.38,0.13,20,164.3446612554658,159.04198986044386,2629.514580087453,129.99784981124267,34.34681144422312,0.43859342676533036,58.67382004417264,223.45707472640376,72.2210276729126,
2,2,0.25,0.25,4.0,16.0,250.0,0.49,0.38,0.13,21,202.49252509657632,196.17557330619965,3239.880401545221,160.44056876949597,42.05195632708033,0.5131166265779583,61.430879942426834,264.4365216655811,89.13364931638668,
2,2,0.25,0.25,4.0,16.0,250.0,0.49,0.38,0.13,22,248.71548907678113,241.44410155432726,3979.447825228498,197.350562218325,51.36492685845612,0.6010491961105533,64.51243344902103,313.8289717219127,109.63920123240277,
2,2,0.25,0.25,4.0,16.0,250.0,0.49,0.38,0.13,23,304.0808314014969,294.88306908723905,4865.29330242395,241.58709806190936,62.49373333958756,0.7037049839041136,67.9919134570123,372.7764498424133,134.2150544788385,
2,2,0.25,0.25,4.0,16.0,250.0,0.49,0.38,0.13,24,370.75718465045276,359.04410053254765,5932.114954407244,294.89469314249175,75.86249150796108,0.8239019256018427,71.8370801997631,443.41816677581767,163.83038507916206,
2,2,0.25,0.25,4.0,16.0,250.0,0.49,0.38,0.13,25,450.7880584064231,436.1070593622248,7212.608934502769,358.91939214726796,91.86866625915516,0.9640729249570112,76.16706669410323,527.9191980254833,199.39966230403775,
2,2,0.25,0.25,4.0,16.0,250.0,0.49,0.38,0.13,26,546.4603080088178,527.738519275845,8743.364928141085,435.4571918291838,111.0031161796341,1.131639192922746,81.10966339908805,628.7016106008286,241.9206621273243,
2,2,0.25,0.25,4.0,16.0,250.0,0.49,0.38,0.13,27,660.9387155050331,638.1723841469411,10575.01944808053,527.0399178261559,133.89879767887714,1.3321437236150109,86.61386076735232,748.8847199960004,292.79995434786446,
2,2,0.25,0.25,4.0,16.0,250.0,0.49,0.38,0.13,28,797.194375260008,769.0936440917892,12755.110004160128,636.0444456301359,161.14992962987213,1.5707902746184335,92.83396009759505,891.5991256322216,353.35802535007554,
2,2,0.25,0.25,4.0,16.0,250.0,0.49,0.38,0.13,29,958.2344009685469,924.0268385191869,15331.75041549675,764.876466196967,193.35793477157992,1.8528456899894792,99.61066142336726,1059.6979080819037,424.9313701094262,
2,2,0.25,0.25,4.0,16.0,250.0,0.49,0.38,0.13,30,1147.0809584795554,1106.7094502451698,18353.295335672887,915.9537122057741,231.12724627378168,2.1836031770539845,106.6999422675139,1255.9645039241232,508.8631734476522,
2,2,0.25,0.25,4.0,16.0,250.0,0.49,0.38,0.13,31,1366.6074751611654,1318.6982109369135,21865.719602578647,1091.5749255510618,275.0325496101036,2.56809543340555,114.1232247440937,1483.2987953386646,606.4305141950343,
2,2,0.25,0.25,4.0,16.0,250.0,0.49,0.38,0.13,32,1619.8164059265143,1562.806198787448,25917.06249482423,1294.1420701633413,325.6743357631735,3.0115811434236157,121.49627532123043,1744.3242623911683,718.9678167574117,
2,2,0.25,0.25,4.0,16.0,250.0,0.49,0.38,0.13,33,1897.9840859265146,1840.973878787448,30367.745374824233,1516.676214163341,381.30787176317347,3.498781143423616,128.08063746114811,2029.5635045310862,842.5978967574116,
2,2,0.25,0.25,4.0,16.0,250.0,0.49,0.38,0.13,34,2171.805395926514,2114.795188787448,34748.88633482422,1735.7332621633411,436.0721337631734,3.978368643423615,133.1732300537407,2308.9569946236784,964.2962567574117,
2,2,0.25,0.25,4.0,16.0,250.0,0.49,0.38,0.13,35,2445.626705926514,2388.6164987874477,39130.02729482423,1954.790310163341,490.8363957631734,4.4579561434236155,136.67117244057198,2586.75583451051,1085.9946167574117,
2,2,0.25,0.25,4.0,16.0,250.0,0.49,0.38,0.13,36,2723.794385926514,2666.7841787874477,43580.71017482423,2177.324454163341,546.4699317631733,4.945156143423615,138.47158396320572,2867.211126033143,1209.6246967574116,
2,2,0.16,0.16,4.0,39.06,100.0,0.49,0.38,0.13,0,0.0,0.0,0.0,0.0,0.0,0.0,0.0,0.0,0.0,
2,2,0.16,0.16,4.0,39.06,100.0,0.49,0.38,0.13,1,0.0,0.0,0.0,0.0,0.0,0.0,0.0,0.0,0.0,
2,2,0.16,0.16,4.0,39.06,100.0,0.49,0.38,0.13,2,0.0,0.0,0.0,0.0,0.0,0.0,1.8004115226337445,1.8004115226337445,0.0,
2,2,0.16,0.16,4.0,39.06,100.0,0.49,0.38,0.13,3,0.0,0.0,0.0,0.0,0.0,0.0,5.298353909465019,5.298353909465019,0.0,
2,2,0.16,0.16,4.0,39.06,100.0,0.49,0.38,0.13,4,0.0,0.0,0.0,0.0,0.0,0.0,10.39094650205761,10.39094650205761,0.0,
2,2,0.16,0.16,4.0,39.06,100.0,0.49,0.38,0.13,5,0.0,0.0,0.0,0.0,0.0,0.0,16.44309156378601,16.44309156378601,0.0,
2,2,0.16,0.16,4.0,39.06,100.0,0.49,0.38,0.13,6,0.24178688229750284,0.24178688229750284,9.444800089746204,0.09671475291900114,0.1450721293785017,0.0102888035020214,22.19994862397414,22.452024309773666,0.05373041828833396,
2,2,0.16,0.16,4.0,39.06,100.0,0.49,0.38,0.13,7,0.6251870951998282,0.6245393850190858,24.421370906243286,0.2500748380799313,0.37511225711989693,0.026603706178716095,27.794908389644476,28.446699191023015,0.13893046559996186,
2,2,0.16,0.16,4.0,39.06,100.0,0.49,0.38,0.13,8,1.0976348989487892,1.0965880373034314,42.876363240187075,0.43905395957951576,0.6585809393692734,0.04670786804037402,33.28341649625917,34.42775926324833,0.24391886643306426,
2,2,0.16,0.16,4.0,39.06,100.0,0.49,0.38,0.13,9,4.242769527352915,4.230348319212417,165.73318466222324,2.8453703350416144,1.3973991923113005,0.0634156406646477,36.087240193937475,40.39342536195504,1.5807612972453415,
2,2,0.16,0.16,4.0,39.06,100.0,0.49,0.38,0.13,10,8.280342485161743,8.271437939113115,323.4508783266306,5.985253427142257,2.2950890580194856,0.07968556246808678,38.21904336524763,46.57907141287746,3.3251407928568093,
2,2,0.16,0.16,4.0,39.06,100.0,0.49,0.38,0.13,11,12.923419641276366,12.882136512364854,504.82107973735805,9.616762312935197,3.3066573283411707,0.09627928199145197,40.09248401322532,53.112182936493134,5.342645729408442,
2,2,0.16,0.16,4.0,39.06,100.0,0.49,0.38,0.13,12,18.366490371807423,18.246369673070376,717.4410301487275,13.905504913035749,4.460985458771674,0.11251572177043151,41.54146845974648,60.020474553324334,7.725280507242082,
2,2,0.16,0.16,4.0,39.06,100.0,0.49,0.38,0.13,13,24.431071250556307,24.233613615508872,954.3387207248558,18.699042815623187,5.73202843493312,0.1290667871137145,42.8138351616918,67.37397319936181,10.388357119790658,
2,2,0.16,0.16,4.0,39.06,100.0,0.49,0.38,0.13,14,31.132440021881852,30.912316278734238,1216.1109383547598,24.00547679858523,7.1269632232966185,0.1463796388228274,44.01839522364119,75.29721488434586,13.336375999214017,
2,2,0.16,0.16,4.0,39.06,100.0,0.49,0.38,0.13,15,38.521444286654535,38.2031456135761,1504.7439174474428,29.869237513182988,8.652206773471548,0.16416055608957655,45.08458548309606,83.77019032584016,16.594020840657215,
2,2,0.16,0.16,4.0,39.06,100.0,0.49,0.38,0.13,16,46.61578392984562,46.21350509303549,1820.9290597595943,36.30134311404179,10.314440815803835,0.18276101201154882,46.09137917473559,92.88992411659277,20.16741284113433,
2,2,0.16,0.16,4.0,39.06,100.0,0.49,0.38,0.13,17,55.44766956444789,54.88821518846351,2165.9245923612457,43.32618473301039,12.121484831437506,0.20237791876782454,47.080465767493976,102.7305132507097,24.07010262945022,
2,2,0.16,0.16,4.0,39.06,100.0,0.49,0.38,0.13,18,65.0716448374437,64.37003854350428,2541.8611264626443,50.98941231792031,14.082232519523382,0.22290126565999613,48.01158749270499,113.30613359580869,28.32745128773351,
2,2,0.16,0.16,4.0,39.06,100.0,0.49,0.38,0.13,19,75.62768932653495,74.75120468582274,2954.2066143177713,59.40160051259977,16.226088813935178,0.2447199475019598,48.930404237992235,124.80281351202913,33.000889173666536,
2,2,0.16,0.16,4.0,39.06,100.0,0.49,0.38,0.13,20,87.01252433365835,85.953238075865,3398.9267317835292,68.48027800321438,18.532246330443975,0.2676376072169352,49.84767518840222,137.1278371292775,38.04459889067465,
2,2,0.16,0.16,4.0,39.06,100.0,0.49,0.38,0.13,21,99.48750581690308,98.25895820187691,3886.2306959727766,78.43554986026047,21.05195595664263,0.29200792429699163,50.749279307630836,150.52879304883092,43.575305477922484,
2,2,0.16,0.16,4.0,39.06,100.0,0.49,0.38,0.13,22,112.99144267893547,111.6634418895103,4413.728229645917,89.21872294549297,23.77271973344251,0.3176972303223031,51.64954836021352,164.9586882694713,49.56595719194054,
2,2,0.16,0.16,4.0,39.06,100.0,0.49,0.38,0.13,23,127.57797769370788,125.96108545194748,4983.514753660464,100.8732662377617,26.704711455946196,0.34474289066226205,52.566251027237556,180.48897161160767,56.040703465423164,
2,2,0.16,0.16,4.0,39.06,100.0,0.49,0.38,0.13,24,143.3430505726525,141.35710365284768,5599.337912994238,113.47740669380576,29.865643878846743,0.37316246451951457,53.475408936711396,197.19162197388343,63.04300371878098,
2,2,0.16,0.16,4.0,39.06,100.0,0.49,0.38,0.13,25,160.45987920780902,158.15517592128992,6267.96403155504,127.17086960193099,33.28900960587805,0.4031419319797467,54.40149699920282,215.26451813899158,70.65048311218388,
2,2,0.16,0.16,4.0,39.06,100.0,0.49,0.38,0.13,26,179.05488074757739,176.38651076942472,6994.331279202242,142.04687083374566,37.00800991383172,0.43571036246805905,55.362147487945435,234.85273859799088,78.91492824096981,
2,2,0.16,0.16,4.0,39.06,100.0,0.49,0.38,0.13,27,199.08420650785655,196.19637734455318,7776.726816713146,158.070331441969,41.01387506588755,0.47079095669959603,56.32517068637246,255.88016815092857,87.81685080109389,
2,2,0.16,0.16,4.0,39.06,100.0,0.49,0.38,0.13,28,220.65511417998425,217.5829966445829,8619.340397655635,175.3270575796712,45.3280566003131,0.50857157239823,57.30988712754935,278.4735728799318,97.40392087759508,
2,2,0.16,0.16,4.0,39.06,100.0,0.49,0.38,0.13,29,243.767289018217,240.15563139102827,9522.159727274102,193.8167974502574,49.95049156795965,0.5490516582988891,58.28246711304439,302.5988077895603,107.67599858347633,
2,2,0.16,0.16,4.0,39.06,100.0,0.49,0.38,0.13,30,268.7359610385672,264.43796527418704,10497.498478069032,213.7917350665375,54.94422597202968,0.5927833276585881,59.21978855851119,328.54853292473695,118.7731861480764,
2,2,0.16,0.16,4.0,39.06,100.0,0.49,0.38,0.13,31,295.3450949937274,290.21873808472697,11536.917773192476,235.0790422306657,60.26605276306172,0.6393882030450961,60.11957561290512,356.10405880967767,130.59946790592537,
2,2,0.16,0.16,4.0,39.06,100.0,0.49,0.38,0.13,32,323.73157180073065,317.76481248195216,12645.76452346604,257.7882236762683,65.94334812446237,0.689106026123507,60.94614570493204,385.3668235317862,143.21567982014903,
2,2,0.16,0.16,4.0,39.06,100.0,0.49,0.38,0.13,33,353.8683561481703,347.2931780349528,13822.9826620379,281.89765115421994,71.97070499395029,0.741889445585008,61.65949781642158,416.26974341017683,156.60980619678887,
2,2,0.16,0.16,4.0,39.06,100.0,0.49,0.38,0.13,34,385.81269769314775,378.4775376871619,15070.808503638584,307.4531243902019,78.35957330294578,0.797838732003592,62.253606131538476,448.8641425566898,170.80729132788997,
2,2,0.16,0.16,4.0,39.06,100.0,0.49,0.38,0.13,35,419.5062688133753,411.4080613457633,16386.963625522472,334.407981286384,85.09828752699129,0.8568517267906746,62.68402614006578,483.0471466802318,185.78221182576888,
2,2,0.16,0.16,4.0,39.06,100.0,0.49,0.38,0.13,36,455.0759662566318,446.1045405513338,17776.404931899677,362.8637392409891,92.21222701564258,0.9191506847226476,62.91424732583918,518.9093642671936,201.59096624499395,
2,2,0.16,0.16,4.0,39.06,150.0,0.49,0.38,0.13,0,0.0,0.0,0.0,0.0,0.0,0.0,0.0,0.0,0.0,
2,2,0.16,0.16,4.0,39.06,150.0,0.49,0.38,0.13,1,0.0,0.0,0.0,0.0,0.0,0.0,0.0,0.0,0.0,
2,2,0.16,0.16,4.0,39.06,150.0,0.49,0.38,0.13,2,0.0,0.0,0.0,0.0,0.0,0.0,1.8004115226337445,1.8004115226337445,0.0,
2,2,0.16,0.16,4.0,39.06,150.0,0.49,0.38,0.13,3,0.0,0.0,0.0,0.0,0.0,0.0,5.298353909465019,5.298353909465019,0.0,
2,2,0.16,0.16,4.0,39.06,150.0,0.49,0.38,0.13,4,0.0,0.0,0.0,0.0,0.0,0.0,10.39094650205761,10.39094650205761,0.0,
2,2,0.16,0.16,4.0,39.06,150.0,0.49,0.38,0.13,5,0.0,0.0,0.0,0.0,0.0,0.0,16.44309156378601,16.44309156378601,0.0,
2,2,0.16,0.16,4.0,39.06,150.0,0.49,0.38,0.13,6,0.24178688229750284,0.24178688229750284,9.444800089746204,0.09671475291900114,0.1450721293785017,0.0102888035020214,22.19994862397414,22.452024309773666,0.05373041828833396,
2,2,0.16,0.16,4.0,39.06,150.0,0.49,0.38,0.13,7,0.625950293108098,0.6250756470630785,24.451183324535076,0.2503801172432392,0.3755701758648588,0.026636182685450982,27.806045737633116,28.458632213426664,0.1391000651351329,
2,2,0.16,0.16,4.0,39.06,150.0,0.49,0.38,0.13,8,1.100451829011535,1.0991470082818031,42.98639957076308,0.440180731604614,0.660271097406921,0.046827737404746175,33.31841240701224,34.46569197342852,0.24454485089145223,
2,2,0.16,0.16,4.0,39.06,150.0,0.49,0.38,0.13,9,4.265996146942311,4.2482877578333476,166.640474489934,2.862112390966657,1.403883755975654,0.06364393160463817,36.14043092873409,40.470071007281035,1.5900624394259202,
2,2,0.16,0.16,4.0,39.06,150.0,0.49,0.38,0.13,10,8.438480865152423,8.384405360916373,329.6281587950165,6.106911768131635,2.331569097020787,0.08045749777439094,38.34346632833481,46.86240469126164,3.392728760073131,
2,2,0.16,0.16,4.0,39.06,150.0,0.49,0.38,0.13,11,13.371686304019757,13.239591526792218,522.3314962507717,9.965339871807652,3.406346432212105,0.09808809589958031,40.33397117743634,53.80374557735568,5.536299928782029,
2,2,0.16,0.16,4.0,39.06,150.0,0.49,0.38,0.13,12,19.31006245125575,19.107048550298366,754.2993145021777,14.644347001958831,4.665715449296919,0.11580200987808169,41.914809476426754,61.34067393756058,8.135748334421573,
2,2,0.16,0.16,4.0,39.06,150.0,0.49,0.38,0.13,13,26.204989660289,25.889072201972283,1023.632408605039,20.094203401417175,6.110786258871829,0.13461920319374435,43.36138525280926,69.70099411629201,11.163446334120653,
2,2,0.16,0.16,4.0,39.06,150.0,0.49,0.38,0.13,14,33.96407214425474,33.57860556541638,1326.7215681349508,26.238180904296378,7.725891239958371,0.1546646370487601,44.75606762240935,78.87480440371284,14.576767169053543,
2,2,0.16,0.16,4.0,39.06,150.0,0.49,0.38,0.13,15,42.90975494138967,42.34674553946684,1676.162302398034,33.33728945416896,9.572465487220715,0.17619154920237365,46.04687752327108,89.13282401386311,18.5207163634272,
2,2,0.16,0.16,4.0,39.06,150.0,0.49,0.38,0.13,16,53.11253713490173,52.39819945434225,2074.7084818320986,41.44485293483351,11.667684200068226,0.19963711843192075,47.31592443783204,100.62809869116569,23.024918297129727,
2,2,0.16,0.16,4.0,39.06,150.0,0.49,0.38,0.13,17,64.56893572573398,63.58264055577656,2522.2240517864834,50.55722020882345,14.011715516910535,0.22508345143679837,48.59893134216664,113.3929505193374,28.08734456045747,
2,2,0.16,0.16,4.0,39.06,150.0,0.49,0.38,0.13,18,77.61627543437567,76.3092490667609,3031.885759155299,60.94635055556319,16.669924878812477,0.25290720111036796,49.86126432976407,127.73044696525008,33.85908364197955,
2,2,0.16,0.16,4.0,39.06,150.0,0.49,0.38,0.13,19,92.52819971193551,90.88813301267123,3614.382801247481,72.82977085539957,19.698428856535948,0.2837292132570354,51.15922454060219,143.97115346579474,40.46098380855532,
2,2,0.16,0.16,4.0,39.06,150.0,0.49,0.38,0.13,20,109.12730162649777,107.16046389304675,4262.785219785069,86.06649258407317,23.0608090424246,0.317143186231972,52.49660659133862,161.94105140406836,47.814718102262866,
2,2,0.16,0.16,4.0,39.06,150.0,0.49,0.38,0.13,21,127.87218774237977,125.43901908914361,4995.007333686709,101.02526726951959,26.846920472860205,0.35376198353336674,53.8513554187617,182.07730514467485,56.12514848306643,
2,2,0.16,0.16,4.0,39.06,150.0,0.49,0.38,0.13,22,149.1404524348387,146.464723667576,5825.798923235886,118.00841683134354,31.132035603495165,0.3942218113520283,55.26925011868376,204.8039243648745,65.56023157296863,
2,2,0.16,0.16,4.0,39.06,150.0,0.49,0.38,0.13,23,172.9360492176558,169.5037430102065,6755.314422564679,137.02093848846442,35.91511072919141,0.4383424765766976,56.76470376906374,230.13909546329626,76.12274360470246,
2,2,0.16,0.16,4.0,39.06,150.0,0.49,0.38,0.13,24,199.8412643187222,195.44824242116084,7806.299387450086,158.5315976993606,41.30966661936167,0.48684429788646433,58.31630389822643,258.64441251483515,88.0731098329781,
2,2,0.16,0.16,4.0,39.06,150.0,0.49,0.38,0.13,25,229.92153961460724,224.57009449937058,8981.310141195594,182.59581793606858,47.32572167853867,0.5395287439161223,59.94376564723049,290.40483400575386,101.44212107559365,
2,2,0.16,0.16,4.0,39.06,150.0,0.49,0.38,0.13,26,263.7712538602438,257.41529652100206,10303.564603915773,209.67558933257783,54.09566452766598,0.5988152173859163,61.69250142788233,326.062570505512,116.4864385180988,
2,2,0.16,0.16,4.0,39.06,150.0,0.49,0.38,0.13,27,301.69056574445426,293.9768610055552,11784.787724392743,240.01103883994617,61.67952690450808,0.6652294347025625,63.51568696342852,365.8714821425853,133.3394660221923,
2,2,0.16,0.16,4.0,39.06,150.0,0.49,0.38,0.13,28,343.84030901668956,334.6678881602799,13431.262070964436,273.73083345773443,70.10947555895513,0.7390530899964953,65.43983154846079,410.01919365514686,152.07268525429689,
2,2,0.16,0.16,4.0,39.06,150.0,0.49,0.38,0.13,29,390.6747030987527,380.21346522620223,15260.730589795026,311.198348723385,79.47635437536776,0.8210817311268424,67.41066270718201,458.9064475370615,172.8879715129916,
2,2,0.16,0.16,4.0,39.06,150.0,0.49,0.38,0.13,30,442.6053503343191,430.11213417572776,17289.27149743434,352.74286651183803,89.86248382248104,0.9120362637783996,69.36013400029667,512.8775205983942,195.96825917324333,
2,2,0.16,0.16,4.0,39.06,150.0,0.49,0.38,0.13,31,499.8728437135941,485.07595389605865,19526.282957562267,398.5568612152581,101.31598249833604,1.012338077326195,71.29663254501044,572.1818143359307,221.42047845292112,
2,2,0.16,0.16,4.0,39.06,150.0,0.49,0.38,0.13,32,562.7005984895467,545.689877867388,21980.492128497917,448.81906503602016,113.88153345352656,1.1223784749987213,73.12607912973743,636.9490560942829,249.34392502001117,
2,2,0.16,0.16,4.0,39.06,150.0,0.49,0.38,0.13,33,631.1437249575703,611.5490610771348,24654.051756155088,503.573566210439,127.57015874713127,1.242253980360168,74.7461606958405,707.132139633771,279.76309233913275,
2,2,0.16,0.16,4.0,39.06,150.0,0.49,0.38,0.13,34,705.2902425804969,683.3993490105888,27550.400100800656,562.8907803087802,142.39946227171657,1.3721187561166102,76.12515492537308,782.7875162619865,312.71710017154464,
2,2,0.16,0.16,4.0,39.06,150.0,0.49,0.38,0.13,35,785.3859034672788,761.1468324196879,30679.136854190576,626.9673090182058,158.41859444907297,1.5124032276412682,77.14834047370435,864.0466471686243,348.315171676781,
2,2,0.16,0.16,4.0,39.06,150.0,0.49,0.38,0.13,36,872.3382453829462,845.8735652728261,34075.712710271335,696.5291825507398,175.80906283220648,1.6646969124479043,77.71113050849544,951.7140728038896,386.9606569726332,
2,2,0.16,0.16,4.0,39.06,200.0,0.49,0.38,0.13,0,0.0,0.0,0.0,0.0,0.0,0.0,0.0,0.0,0.0,
2,2,0.16,0.16,4.0,39.06,200.0,0.49,0.38,0.13,1,0.0,0.0,0.0,0.0,0.0,0.0,0.0,0.0,0.0,
2,2,0.16,0.16,4.0,39.06,200.0,0.49,0.38,0.13,2,0.0,0.0,0.0,0.0,0.0,0.0,1.8004115226337445,1.8004115226337445,0.0,
2,2,0.16,0.16,4.0,39.06,200.0,0.49,0.38,0.13,3,0.0,0.0,0.0,0.0,0.0,0.0,5.298353909465019,5.298353909465019,0.0,
2,2,0.16,0.16,4.0,39.06,200.0,0.49,0.38,0.13,4,0.0,0.0,0.0,0.0,0.0,0.0,10.39094650205761,10.39094650205761,0.0,
2,2,0.16,0.16,4.0,39.06,200.0,0.49,0.38,0.13,5,0.0,0.0,0.0,0.0,0.0,0.0,16.44309156378601,16.44309156378601,0.0,
2,2,0.16,0.16,4.0,39.06,200.0,0.49,0.38,0.13,6,0.24178688229750284,0.24178688229750284,9.444800089746204,0.09671475291900114,0.1450721293785017,0.0102888035020214,22.19994862397414,22.452024309773666,0.05373041828833396,
2,2,0.16,0.16,4.0,39.06,200.0,0.49,0.38,0.13,7,0.6266289497175705,0.6255777679718203,24.477693348342598,0.25065157988702824,0.37597736983054236,0.02666506169010939,27.815949374347248,28.46924338575493,0.13925087771501568,
2,2,0.16,0.16,4.0,39.06,200.0,0.49,0.38,0.13,8,1.1029367568001605,1.1012328480855689,43.083467062506266,0.4411747027200642,0.6617620540800964,0.0469334790127728,33.34929980940558,34.499170045218506,0.24509705706670232,
2,2,0.16,0.16,4.0,39.06,200.0,0.49,0.38,0.13,9,4.285667799334805,4.262972670288536,167.4088984115158,2.876255782294949,1.409412017039856,0.06384097356090557,36.186639947345256,40.53614872024096,1.5979198790527491,
2,2,0.16,0.16,4.0,39.06,200.0,0.49,0.38,0.13,10,8.554772042249645,8.503332498831785,334.17078290037676,6.196192875894362,2.3585791663552844,0.08104388058667707,38.44068961005116,47.07650553288748,3.442329375496868,
2,2,0.16,0.16,4.0,39.06,200.0,0.49,0.38,0.13,11,13.758474371623466,13.63148349543987,537.4404051415416,10.266185816514781,3.4922885551086873,0.09964119741631357,40.54033756679178,54.39845313583155,5.703436564730435,
2,2,0.16,0.16,4.0,39.06,200.0,0.49,0.38,0.13,12,20.152688963133066,19.98007495696899,787.2144126223853,15.304360382017116,4.848328581115953,0.11871485735730586,42.24252332727556,62.51392714776594,8.502422434453953,
2,2,0.16,0.16,4.0,39.06,200.0,0.49,0.38,0.13,13,27.786332588573288,27.519923845724016,1085.403616741144,21.33810958661864,6.448223001954652,0.13954810815864754,43.844083955737496,71.76996465246944,11.854505325899243,
2,2,0.16,0.16,4.0,39.06,200.0,0.49,0.38,0.13,14,36.79782944843337,36.26076099999682,1437.4152128294284,28.473803025715647,8.324026422717722,0.16282912941500116,45.463885758350834,82.4245443361992,15.818779458730917,
2,2,0.16,0.16,4.0,39.06,200.0,0.49,0.38,0.13,15,47.44045886561461,46.84703968957678,1853.1429244380706,36.919573259468464,10.520885606146143,0.18843957791206833,46.99955516832587,94.62845361185255,20.51087403303804,
2,2,0.16,0.16,4.0,39.06,200.0,0.49,0.38,0.13,16,59.794702008552264,59.31979872954525,2335.7305472090725,46.73677886448718,13.057923144065082,0.21682911494154566,48.53620603912958,108.54773716262338,25.964877146937322,
2,2,0.16,0.16,4.0,39.06,200.0,0.49,0.38,0.13,17,74.15738533665231,73.43766704360557,2896.7728647129807,58.16079178512633,15.996593551525976,0.2487307304372656,50.1446889954986,124.55080506258817,32.31155099173685,
2,2,0.16,0.16,4.0,39.06,200.0,0.49,0.38,0.13,18,91.30623289723744,90.1381431313589,3566.649722548337,71.81580626177757,19.490426635459865,0.28530103920295946,51.8038437702201,143.3953777066605,39.89767014543198,
2,2,0.16,0.16,4.0,39.06,200.0,0.49,0.38,0.13,19,111.33747514836801,109.96863011379894,4349.120122983125,87.77884807766436,23.558627070703658,0.3267043604970651,53.54739845382002,165.2115779626851,48.76602670981353,
2,2,0.16,0.16,4.0,39.06,200.0,0.49,0.38,0.13,20,134.7276150067671,133.29864273323835,5262.79746120184,106.43098806053709,28.296626946230038,0.3737886850063858,55.43193132625179,190.5333350180253,59.12832670029837,
2,2,0.16,0.16,4.0,39.06,200.0,0.49,0.38,0.13,21,161.94002016364107,159.66277448968876,6325.782037642229,128.1470035580046,33.79301660563647,0.42694907991957237,57.39865300968745,219.76562225324813,71.19277975444702,
2,2,0.16,0.16,4.0,39.06,200.0,0.49,0.38,0.13,22,193.5914115469396,190.032826319253,7562.164513552329,153.4212946896634,40.17011685727627,0.48716131933388584,59.50876122662392,253.58733409289744,85.23405260536852,
2,2,0.16,0.16,4.0,39.06,200.0,0.49,0.38,0.13,23,230.57116284292732,225.33528447203523,9006.686048551848,182.96786705794307,47.60329578498425,0.5557274175878271,61.83278379981117,292.9596740603263,101.64881503219058,
2,2,0.16,0.16,4.0,39.06,200.0,0.49,0.38,0.13,24,273.6997660744247,266.71989355784206,10691.397112282215,217.44908874191034,56.250677332514385,0.6334750140822702,64.31997247655009,338.65321356505706,120.8050493010613,
2,2,0.16,0.16,4.0,39.06,200.0,0.49,0.38,0.13,25,323.89889710069474,314.7557438684752,12652.300667995887,257.6083935629264,66.29050353776839,0.7213968626449745,67.03594381573774,391.65623777907746,143.11577420162578,
2,2,0.16,0.16,4.0,39.06,200.0,0.49,0.38,0.13,26,381.8153457791694,370.46688209007203,14914.661944498803,303.9415525057061,77.87379327346332,0.8228352964563823,70.02800943134008,452.6661905069659,168.85641805872564,
2,2,0.16,0.16,4.0,39.06,200.0,0.49,0.38,0.13,27,448.8900036985689,435.41236013575866,17534.765769475347,357.6012788412257,91.28872485734321,0.9403139817527164,73.25300324171775,523.0833209220393,198.66737713401426,
2,2,0.16,0.16,4.0,39.06,200.0,0.49,0.38,0.13,28,525.4303655218513,509.6245229717795,20524.623653197315,418.83356829985166,106.5967972219997,1.0743714836174305,76.74708674745742,603.2518237529262,232.6853157221398,
2,2,0.16,0.16,4.0,39.06,200.0,0.49,0.38,0.13,29,613.1779658135767,595.5182468330911,23952.26428959284,489.0316485332321,124.14631728034479,1.2280580329035615,80.43958044033899,694.8456042868194,271.6842491851289,
2,2,0.16,0.16,4.0,39.06,200.0,0.49,0.38,0.13,30,713.5467557931302,692.917410528886,27872.920148169145,569.3266805168748,144.2200752762555,1.4038501108259083,84.20741475794759,799.1580206619037,316.29260028715265,
2,2,0.16,0.16,4.0,39.06,200.0,0.49,0.38,0.13,31,826.684299424942,803.595949637032,32292.355446286794,659.8367154223242,166.84758400261785,1.602006169996473,88.03315735059934,916.3194629455378,366.5759530124023,
2,2,0.16,0.16,4.0,39.06,200.0,0.49,0.38,0.13,32,953.4814551166138,927.2884683845923,37245.369340492725,761.2744399756617,192.20701514095222,1.8240865146755618,91.72529348152491,1047.0308351128142,422.9302444309231,
2,2,0.16,0.16,4.0,39.06,200.0,0.49,0.38,0.13,33,1094.63709686059,1063.9670385814532,42759.26159611679,874.1989533708424,220.43814348974743,2.0713151957993543,95.06651509050128,1191.7749271468906,485.6660852060236,
2,2,0.16,0.16,4.0,39.06,200.0,0.49,0.38,0.13,34,1251.1827250551971,1216.0682651856307,48874.325197468635,999.4354559265283,251.7472691286689,2.3454988466692637,97.9779871981565,1351.506211100023,555.2419199591824,
2,2,0.16,0.16,4.0,39.06,200.0,0.49,0.38,0.13,35,1422.6031818229264,1382.8826839714973,55570.43678995806,1136.5718213407117,286.0313604822147,2.6457351880631945,100.16780537446212,1525.416722385452,631.4287896337287,
2,2,0.16,0.16,4.0,39.06,200.0,0.49,0.38,0.13,36,1610.995434132586,1563.9360826704356,62929.50914580414,1287.2856231884393,323.7098109441467,2.975696977028994,101.38715473177507,1715.3582858413897,715.1586795491329,
2,2,0.16,0.16,4.0,39.06,250.0,0.49,0.38,0.13,0,0.0,0.0,0.0,0.0,0.0,0.0,0.0,0.0,0.0,
2,2,0.16,0.16,4.0,39.06,250.0,0.49,0.38,0.13,1,0.0,0.0,0.0,0.0,0.0,0.0,0.0,0.0,0.0,
2,2,0.16,0.16,4.0,39.06,250.0,0.49,0.38,0.13,2,0.0,0.0,0.0,0.0,0.0,0.0,1.8004115226337445,1.8004115226337445,0.0,
2,2,0.16,0.16,4.0,39.06,250.0,0.49,0.38,0.13,3,0.0,0.0,0.0,0.0,0.0,0.0,5.298353909465019,5.298353909465019,0.0,
2,2,0.16,0.16,4.0,39.06,250.0,0.49,0.38,0.13,4,0.0,0.0,0.0,0.0,0.0,0.0,10.39094650205761,10.39094650205761,0.0,
2,2,0.16,0.16,4.0,39.06,250.0,0.49,0.38,0.13,5,0.0,0.0,0.0,0.0,0.0,0.0,16.44309156378601,16.44309156378601,0.0,
2,2,0.16,0.16,4.0,39.06,250.0,0.49,0.38,0.13,6,0.24178688229750284,0.24178688229750284,9.444800089746204,0.09671475291900114,0.1450721293785017,0.0102888035020214,22.19994862397414,22.452024309773666,0.05373041828833396,
2,2,0.16,0.16,4.0,39.06,250.0,0.49,0.38,0.13,7,0.6272337517906336,0.6260479213595516,24.50131842932162,0.25089350071625344,0.3763402510743801,0.0266907979485376,27.824775251723178,28.47869980146235,0.13938527817569635,
2,2,0.16,0.16,4.0,39.06,250.0,0.49,0.38,0.13,8,1.1053099486440854,1.1034673751041852,43.17616986890958,0.4421239794576341,0.6631859691864512,0.047034465899748315,33.37866937756811,34.53101379211195,0.24562443303201897,
2,2,0.16,0.16,4.0,39.06,250.0,0.49,0.38,0.13,9,4.305432736799164,4.278827501343608,168.1809662812173,2.8905113391218884,1.4149213976772752,0.06403434992105059,36.23151390380143,40.60098099052164,1.6058396328454934,
2,2,0.16,0.16,4.0,39.06,250.0,0.49,0.38,0.13,10,8.6736392886008,8.607152267092342,338.8140347109687,6.287516925925855,2.3861223626749433,0.08163660250242624,38.537888717922975,47.2931646090262,3.493064958847697,
2,2,0.16,0.16,4.0,39.06,250.0,0.49,0.38,0.13,11,14.103114013904843,13.954473767003298,550.9028911681579,10.53409415201472,3.569019861890123,0.10104079884067707,40.728633843524975,54.932788656270496,5.852274528897066,
2,2,0.16,0.16,4.0,39.06,250.0,0.49,0.38,0.13,12,21.07597038395122,20.771533627736318,823.2800931230945,16.028196220330617,5.047774163620602,0.12184052167078735,42.58485819338519,63.7826690990072,8.90455345573923,
2,2,0.16,0.16,4.0,39.06,250.0,0.49,0.38,0.13,13,29.615050391740546,29.17770537425655,1156.837905927365,22.777616252636143,6.837434139104403,0.14514483140069548,44.37638200754191,74.13657723068314,12.654231251464525,
2,2,0.16,0.16,4.0,39.06,250.0,0.49,0.38,0.13,14,40.01820798926517,39.32068600084622,1563.2112495806707,31.015286926995266,9.002921062269905,0.1720211802390313,46.24633254865576,86.43656171815996,17.230714959441816,
2,2,0.16,0.16,4.0,39.06,250.0,0.49,0.38,0.13,15,52.52943639786314,51.459207295479445,2051.9311092915286,40.94393861061331,11.585497787249839,0.20212822975032646,48.05162990470926,100.78319453232272,22.746632561451833,
2,2,0.16,0.16,4.0,39.06,250.0,0.49,0.38,0.13,16,67.82136317521287,66.3640412907723,2649.2719990317523,53.09555223301092,14.725810942201951,0.23726844161719413,49.953677025427766,118.01230864225784,29.497529018339396,
2,2,0.16,0.16,4.0,39.06,250.0,0.49,0.38,0.13,17,86.14834814973759,84.43112547733242,3365.1698495991245,67.67275263230607,18.475595517431508,0.27797534954638714,52.006123793190184,138.43244729247414,37.59597368461448,
2,2,0.16,0.16,4.0,39.06,250.0,0.49,0.38,0.13,18,108.56244652895667,106.69213557102067,4240.72056753737,85.52029817541187,23.042148353544803,0.3257739258376976,54.17469274311967,163.06291319791404,47.51127676411771,
2,2,0.16,0.16,4.0,39.06,250.0,0.49,0.38,0.13,19,135.61431875322114,133.0488795338914,5297.434326297701,107.07813079009092,28.53618796313021,0.38168844892450704,56.52933545201611,192.52534265416176,59.48785043893941,
2,2,0.16,0.16,4.0,39.06,250.0,0.49,0.38,0.13,20,168.17817396879826,164.82455658976076,6569.459920656182,133.0457218151972,35.13245215360108,0.4472394518482539,59.152990375773555,227.7784037964201,73.91428989733177,
2,2,0.16,0.16,4.0,39.06,250.0,0.49,0.38,0.13,21,207.6899241367934,203.79412581157877,8112.887661593491,164.5768479333714,43.11307620342199,0.5244270517878058,62.00862240675037,270.2229735953316,91.43158218520634,
2,2,0.16,0.16,4.0,39.06,250.0,0.49,0.38,0.13,22,255.36830224011402,250.7484262924668,9975.324306254453,202.64901968328348,52.71928255683056,0.6151283382645244,65.18720423235403,321.1706348107326,112.58278871293527,
2,2,0.16,0.16,4.0,39.06,250.0,0.49,0.38,0.13,23,311.89858120141105,305.7087860396715,12183.538328180119,247.8163320581028,64.08224914330836,0.7199440962332253,68.73989563157609,381.3584209292204,137.67574003227932,
2,2,0.16,0.16,4.0,39.06,250.0,0.49,0.38,0.13,24,379.7156431464625,371.57594235983703,14832.642310408692,302.0359211862497,77.67972196021285,0.8421973845959669,72.65084604316397,453.2086865742225,167.79773399236092,
2,2,0.16,0.16,4.0,39.06,250.0,0.49,0.38,0.13,25,460.8468147990144,450.30784335428774,18001.8287030865,366.94085850829117,93.90595629072321,0.9842955134264739,77.0403630012908,538.8714733137317,203.8560325046062,
2,2,0.16,0.16,4.0,39.06,250.0,0.49,0.38,0.13,26,557.1704965759408,543.840274014032,21764.472522497686,443.9998039298324,113.17069264610852,1.1530027398077651,82.01661383830182,640.3401131540503,246.66655773879575,
2,2,0.16,0.16,4.0,39.06,250.0,0.49,0.38,0.13,27,671.8762169255973,654.8480350703356,26245.164723656144,535.7643802095575,136.11183671603982,1.353905400225944,87.53174055854652,760.7618628843697,297.6468778941986,
2,2,0.16,0.16,4.0,39.06,250.0,0.49,0.38,0.13,28,806.7134833890537,785.2888179212337,31512.24544488491,643.6341933803227,163.0792900087311,1.590067689895959,93.68708993874341,901.9906410176931,357.574551877957,
2,2,0.16,0.16,4.0,39.06,250.0,0.49,0.38,0.13,29,963.7584433413406,936.9692055177459,37646.81419302111,769.2701613421522,194.48828199918847,1.8651259011473669,100.29567549771899,1065.9192447402068,427.37231185675114,
2,2,0.16,0.16,4.0,39.06,250.0,0.49,0.38,0.13,30,1145.8033946629325,1112.515629757096,44757.9451040208,914.9061223994256,230.89727226350684,2.1839706363943936,107.12962472712199,1255.1169900264488,508.28117911079204,
2,2,0.16,0.16,4.0,39.06,250.0,0.49,0.38,0.13,31,1354.1804279494736,1312.9890329942236,52897.67296677631,1081.6077490286586,272.57267892081506,2.5489350011157117,114.17588776222097,1470.9052507128101,600.8931939048102,
2,2,0.16,0.16,4.0,39.06,250.0,0.49,0.38,0.13,32,1591.7052022122925,1540.4102618033035,62175.984461417676,1271.6275684389138,320.07763377337886,2.9649505138483385,121.09224007518768,1715.7623928013286,706.459760243841,
2,2,0.16,0.16,4.0,39.06,250.0,0.49,0.38,0.13,33,1857.704207008739,1794.263390078857,72566.57058627887,1484.4267722760712,373.2774347326682,3.4308375469386996,127.38856384809152,1988.5236084037692,824.6815401533727,
2,2,0.16,0.16,4.0,39.06,250.0,0.49,0.38,0.13,34,2131.5255170087394,2068.0847000788567,83262.71550815388,1703.4838202760711,428.04169673266824,3.910425046938699,132.48115644068412,2267.917098496362,946.3799001533728,
2,2,0.16,0.16,4.0,39.06,250.0,0.49,0.38,0.13,35,2405.346827008739,2341.906010078857,93958.86043002887,1922.5408682760713,482.8059587326682,4.390012546938698,135.9790988275154,2545.715938383193,1068.0782601533729,
2,2,0.16,0.16,4.0,39.06,250.0,0.49,0.38,0.13,36,2683.514507008739,2620.073690078857,104824.78543002887,2145.075012276071,538.4394947326682,4.877212546938699,137.77951035014914,2826.171229905827,1191.7083401533728,
2,2,0.16,0.16,4.0,39.06,400.0,0.49,0.38,0.13,0,0.0,0.0,0.0,0.0,0.0,0.0,0.0,0.0,0.0,
2,2,0.16,0.16,4.0,39.06,400.0,0.49,0.38,0.13,1,0.0,0.0,0.0,0.0,0.0,0.0,0.0,0.0,0.0,
2,2,0.16,0.16,4.0,39.06,400.0,0.49,0.38,0.13,2,0.0,0.0,0.0,0.0,0.0,0.0,1.8004115226337445,1.8004115226337445,0.0,
2,2,0.16,0.16,4.0,39.06,400.0,0.49,0.38,0.13,3,0.0,0.0,0.0,0.0,0.0,0.0,5.298353909465019,5.298353909465019,0.0,
2,2,0.16,0.16,4.0,39.06,400.0,0.49,0.38,0.13,4,0.0,0.0,0.0,0.0,0.0,0.0,10.39094650205761,10.39094650205761,0.0,
2,2,0.16,0.16,4.0,39.06,400.0,0.49,0.38,0.13,5,0.0,0.0,0.0,0.0,0.0,0.0,16.44309156378601,16.44309156378601,0.0,
2,2,0.16,0.16,4.0,39.06,400.0,0.49,0.38,0.13,6,0.24178688229750284,0.24178688229750284,9.444800089746204,0.09671475291900114,0.1450721293785017,0.0102888035020214,22.19994862397414,22.452024309773666,0.05373041828833396,
2,2,0.16,0.16,4.0,39.06,400.0,0.49,0.38,0.13,7,0.6286905467755948,0.6272862888492711,24.558224483421668,0.25147621871023784,0.37721432806535676,0.026752789224493388,27.846034262681954,28.50147759868204,0.13970901039457662,
2,2,0.16,0.16,4.0,39.06,400.0,0.49,0.38,0.13,8,1.1111056991455697,1.1088003726293738,43.402566372873814,0.4444422796582279,0.6666634194873418,0.04728109358066254,33.450334787578186,34.60872158030442,0.2469123775879044,
2,2,0.16,0.16,4.0,39.06,400.0,0.49,0.38,0.13,9,4.3594632435168075,4.324016418196843,170.2915329498753,2.9297336505851934,1.4297295929316147,0.06453721316408312,36.34617962016062,40.77018007684151,1.6276298058806629,
2,2,0.16,0.16,4.0,39.06,400.0,0.49,0.38,0.13,10,9.004180664926427,8.938644030816489,351.72580722368855,6.541772331115677,2.4624083338107505,0.08325370201396308,38.798549752482415,47.885984119422815,3.6343179617309316,
2,2,0.16,0.16,4.0,39.06,400.0,0.49,0.38,0.13,11,15.241407144859927,14.975053820416168,595.3674665960909,11.420119733711013,3.8212874111489135,0.105544692090538,41.31521558104005,56.66216741799052,6.3445109631727865,
2,2,0.16,0.16,4.0,39.06,400.0,0.49,0.38,0.13,12,23.540290286351677,23.156094889739226,919.5425893106124,17.959034148791467,5.581256137560219,0.13029989426048538,43.524437762936074,67.19502794354824,9.977241193773036,
2,2,0.16,0.16,4.0,39.06,400.0,0.49,0.38,0.13,13,34.65615358916642,33.92106551296682,1353.7559995768133,26.745183287100215,7.910970302066208,0.1606365957655435,45.8565782047328,80.67336838966474,14.858435159500118,
2,2,0.16,0.16,4.0,39.06,400.0,0.49,0.38,0.13,14,49.01693519371332,48.130392273890806,1914.7240310044265,38.11667202748042,10.900263166232918,0.19773738678756905,48.43790517978795,97.65257776028884,21.175928904155786,
2,2,0.16,0.16,4.0,39.06,400.0,0.49,0.38,0.13,15,67.94329289917219,66.67591814082354,2654.034878873914,53.13623742586476,14.807055473307432,0.24328181854897332,51.1688683122256,119.35544302994676,29.520131903258203,
2,2,0.16,0.16,4.0,39.06,400.0,0.49,0.38,0.13,16,92.7838149763177,90.80730198560116,3624.36777251241,72.87556987592667,19.90824510039104,0.3003643053659669,54.25859298733732,147.342772269021,40.486427708848154,
2,2,0.16,0.16,4.0,39.06,400.0,0.49,0.38,0.13,17,125.46544043040717,122.99427887355142,4900.9937668127795,98.87038595075805,26.595054479649146,0.37295496445065857,57.91862198947315,183.75701738433096,54.92799219486557,
2,2,0.16,0.16,4.0,39.06,400.0,0.49,0.38,0.13,18,168.39753652830174,164.88539431821025,6578.028770636786,133.0556798405435,35.341856687758295,0.46450863910498474,62.07231173322837,230.9343569006351,73.91982213363525,
2,2,0.16,0.16,4.0,39.06,400.0,0.49,0.38,0.13,19,224.99317679824034,220.27651860955135,8788.795968681263,178.15715487137564,46.83602192686472,0.5814882776398658,66.998496161876,292.57316123775627,98.97619715076425,
2,2,0.16,0.16,4.0,39.06,400.0,0.49,0.38,0.13,20,297.9945366432985,291.3698044609214,11640.411587628847,236.3710685552284,61.623468088070155,0.7284399306601085,72.88018234216759,371.6031589161262,131.31726030846022,
2,2,0.16,0.16,4.0,39.06,400.0,0.49,0.38,0.13,21,393.6059831993585,384.3626034075595,15375.23371872494,312.67081652595135,80.93516667340711,0.9152202695474729,79.79030675206198,474.311510220968,173.7060091810841,
2,2,0.16,0.16,4.0,39.06,400.0,0.49,0.38,0.13,22,518.3117867052587,506.5172694124321,20246.554168174167,412.2509817530222,106.0608049522366,1.1524552020065166,88.10408789017393,607.5683297974391,229.02832319612344,
2,2,0.16,0.16,4.0,39.06,400.0,0.49,0.38,0.13,23,679.5498563287716,663.972462111527,26544.916262842642,541.0791140603842,138.47074226838743,1.451415171628625,98.23722562987629,779.2384971302765,300.59950781132454,
2,2,0.16,0.16,4.0,39.06,400.0,0.49,0.38,0.13,24,884.6626233764317,863.6313020938314,34557.13372564186,705.0663119026073,179.59631147382447,1.8211703562026034,110.06589879411543,996.5496925267496,391.7035066125596,
2,2,0.16,0.16,4.0,39.06,400.0,0.49,0.38,0.13,25,1143.5442648630826,1118.7199411158874,44669.69784621416,912.171625091928,231.37263977115464,2.2745916010154312,124.07241851159108,1269.8912749756892,506.76201393996007,
2,2,0.16,0.16,4.0,39.06,400.0,0.49,0.38,0.13,26,1417.3655748630827,1392.5412511158875,55365.84276808916,1131.2286730919282,286.1369017711546,2.7541791010154313,138.21850904657052,1558.3382630106685,628.46037393996,
2,2,0.16,0.16,4.0,39.06,400.0,0.49,0.38,0.13,27,1695.5332548630824,1670.7089311158873,66231.76776808915,1353.762817091928,341.7704377711546,3.2413791010154314,151.59299464327833,1850.3676286073762,752.0904539399601,
2,2,0.16,0.16,4.0,39.06,400.0,0.49,0.38,0.13,28,1969.3545648630825,1944.5302411158873,76927.91268996416,1572.819865091928,396.53469977115464,3.720966601015431,164.09299464327833,2137.1685261073762,873.78881393996,
2,2,0.16,0.16,4.0,39.06,400.0,0.49,0.38,0.13,29,2243.1758748630823,2218.351551115887,87624.05761183915,1791.8769130919281,451.29896177115467,4.200554101015431,175.6156283881343,2422.992057352232,995.48717393996,
2,2,0.16,0.16,4.0,39.06,400.0,0.49,0.38,0.13,30,2521.3435548630823,2496.519231115887,98489.98261183915,2014.411057091928,506.9324977711546,4.687754101015431,186.05801521941,2712.089324183508,1119.11725393996,
2,2,0.16,0.16,4.0,39.06,400.0,0.49,0.38,0.13,31,2795.1648648630826,2770.3405411158874,109186.12753371416,2233.468105091928,561.6967597711546,5.167341601015431,195.31727447866925,2995.6494809427677,1240.81561393996,
2,2,0.16,0.16,4.0,39.06,400.0,0.49,0.38,0.13,32,3068.986174863083,3044.161851115887,119882.27245558916,2452.525153091928,616.4610217711545,5.646929101015432,203.29052550747582,3277.923629471574,1362.5139739399597,
2,2,0.16,0.16,4.0,39.06,400.0,0.49,0.38,0.13,33,3347.1538548630824,3322.329531115887,130748.19745558915,2675.059297091928,672.0945577711545,6.13412910101543,209.87488764739354,3563.1628716114915,1486.14405393996,
2,2,0.16,0.16,4.0,39.06,400.0,0.49,0.38,0.13,34,3620.9751648630827,3596.150841115887,141444.34237746417,2894.116345091928,726.8588197711545,6.6137166010154305,214.96748023998612,3842.5563617040843,1607.8424139399597,
2,2,0.16,0.16,4.0,39.06,400.0,0.49,0.38,0.13,35,3894.7964748630825,3869.9721511158873,152140.48729933915,3113.173393091928,781.6230817711546,7.0933041010154305,218.4654226268174,4120.355201590915,1729.5407739399598,
2,2,0.16,0.16,4.0,39.06,400.0,0.49,0.38,0.13,36,4172.9641548630825,4148.139831115887,163006.41229933916,3335.707537091928,837.2566177711544,7.58050410101543,220.2658341494511,4400.810493113549,1853.17085393996,
2,2,0.16,0.16,4.0,39.06,500.0,0.49,0.38,0.13,0,0.0,0.0,0.0,0.0,0.0,0.0,0.0,0.0,0.0,
2,2,0.16,0.16,4.0,39.06,500.0,0.49,0.38,0.13,1,0.0,0.0,0.0,0.0,0.0,0.0,0.0,0.0,0.0,
2,2,0.16,0.16,4.0,39.06,500.0,0.49,0.38,0.13,2,0.0,0.0,0.0,0.0,0.0,0.0,1.8004115226337445,1.8004115226337445,0.0,
2,2,0.16,0.16,4.0,39.06,500.0,0.49,0.38,0.13,3,0.0,0.0,0.0,0.0,0.0,0.0,5.298353909465019,5.298353909465019,0.0,
2,2,0.16,0.16,4.0,39.06,500.0,0.49,0.38,0.13,4,0.0,0.0,0.0,0.0,0.0,0.0,10.39094650205761,10.39094650205761,0.0,
2,2,0.16,0.16,4.0,39.06,500.0,0.49,0.38,0.13,5,0.0,0.0,0.0,0.0,0.0,0.0,16.44309156378601,16.44309156378601,0.0,
2,2,0.16,0.16,4.0,39.06,500.0,0.49,0.38,0.13,6,0.24178688229750284,0.24178688229750284,9.444800089746204,0.09671475291900114,0.1450721293785017,0.0102888035020214,22.19994862397414,22.452024309773666,0.05373041828833396,
2,2,0.16,0.16,4.0,39.06,500.0,0.49,0.38,0.13,7,0.6294300645110529,0.6279860423630915,24.587111894963,0.25177202580442115,0.3776580387066318,0.02678425806430013,27.856826045880425,28.513040368455776,0.13987334766912288,
2,2,0.16,0.16,4.0,39.06,500.0,0.49,0.38,0.13,8,1.1142472282749507,1.1118705647270712,43.52528235449026,0.4456988913099802,0.6685483369649704,0.0474147756712745,33.48903115389274,34.650693157838965,0.24761049517221123,
2,2,0.16,0.16,4.0,39.06,500.0,0.49,0.38,0.13,9,4.388287655816623,4.348919433414752,171.41748655533684,2.9506400227858145,1.437647633030809,0.06480732940554894,36.407771755644376,40.86086674086654,1.63924445710323,
2,2,0.16,0.16,4.0,39.06,500.0,0.49,0.38,0.13,10,9.267151684169486,9.194336966231475,361.99811266287054,6.744766551609399,2.522385132560086,0.08446734225494928,38.98376924639389,48.33538827281832,3.7470925286718884,
2,2,0.16,0.16,4.0,39.06,500.0,0.49,0.38,0.13,11,15.87784513043533,15.762802258127323,620.2283254076301,11.915215196804153,3.9626299336311788,0.10809305193281271,41.65112569926788,57.637063881636024,6.619563998224529,
2,2,0.16,0.16,4.0,39.06,500.0,0.49,0.38,0.13,12,25.36322661209277,24.73233673906591,990.7510395348738,19.38900373502882,5.974222877063953,0.13638752628967132,44.17620224459885,69.6758163829813,10.771668741682678,
2,2,0.16,0.16,4.0,39.06,500.0,0.49,0.38,0.13,13,38.33499480143917,37.451754934977096,1497.4607344312176,29.642088609714797,8.692906191724376,0.1717892444318298,46.89771692788275,85.40450097375376,16.467827005397112,
2,2,0.16,0.16,4.0,39.06,500.0,0.49,0.38,0.13,14,55.83745570141158,54.14507342969126,2181.1506133363896,43.501295060564544,12.336160640847032,0.21700650085298806,50.04375561122586,106.09821781349042,24.16738614475808,
2,2,0.16,0.16,4.0,39.06,500.0,0.49,0.38,0.13,15,80.08500742689826,77.79087801843762,3128.320602613213,62.74364979988205,17.341357627016222,0.2753558664376841,53.542536033994686,133.9028993273306,34.85758322215669,
2,2,0.16,0.16,4.0,39.06,500.0,0.49,0.38,0.13,16,112.98805532690142,110.35910024753056,4413.595911207087,88.88980723978668,24.09824808711474,0.350965702340403,57.635097320239005,170.97411834948082,49.38322624432593,
2,2,0.16,0.16,4.0,39.06,500.0,0.49,0.38,0.13,17,158.39037315402098,154.53071662001426,6187.123951328944,125.00260410617778,33.38776904784319,0.4518108754078537,62.719722019976885,221.5619060494057,69.44589117009875,
2,2,0.16,0.16,4.0,39.06,500.0,0.49,0.38,0.13,18,221.1715440260864,214.9542170592201,8639.513438519,174.99300690674465,46.17853711934179,0.5856931549809821,68.79381411549492,290.55105129656226,97.21833717041366,
2,2,0.16,0.16,4.0,39.06,500.0,0.49,0.38,0.13,19,307.23822259305746,298.0315030697517,12001.493070041306,243.58016549105574,63.65805710200172,0.7635875811353907,76.28520973819337,384.2870199123862,135.3223141616976,
2,2,0.16,0.16,4.0,39.06,500.0,0.49,0.38,0.13,20,423.9505914099707,410.9394806813331,16560.569976951978,336.65081210046554,87.29977930950508,0.9985294447110274,85.6886719229598,510.6377927776415,187.02822894470307,
2,2,0.16,0.16,4.0,39.06,500.0,0.49,0.38,0.13,21,582.7441294847939,566.6332291633988,22763.442557999762,463.3710675814292,119.37306190336469,1.3087382316615397,97.16515453156633,681.218022248022,257.4283708785718,
2,2,0.16,0.16,4.0,39.06,500.0,0.49,0.38,0.13,22,797.5767007716458,776.1252268279255,31155.339873892415,634.9193223014993,162.65737847014663,1.7174264330637117,111.48743087159417,910.7815580763038,352.73295683416626,
2,2,0.16,0.16,4.0,39.06,500.0,0.49,0.38,0.13,23,1049.6797507716458,1028.2282768279254,41003.11526451741,836.3479623014993,213.3317884701466,2.1848639330637116,127.33105227077114,1179.1956669754807,464.6377568341663,
2,2,0.16,0.16,4.0,39.06,500.0,0.49,0.38,0.13,24,1316.385015771646,1294.9335418279254,51421.289678579924,1049.5782243014994,266.8067914701466,2.6656514330637116,142.71171070698512,1461.7623779116948,583.0990135008329,
2,2,0.16,0.16,4.0,39.06,500.0,0.49,0.38,0.13,25,1590.2063257716459,1568.7548518279252,62117.434600454915,1268.6352723014993,321.5710534701466,3.1452389330637116,157.52652552179993,1750.8780902265094,704.7973735008329,
2,2,0.16,0.16,4.0,39.06,500.0,0.49,0.38,0.13,26,1864.0276357716457,1842.576161827925,72813.5795223299,1487.6923203014992,376.3353154701466,3.6248264330637108,171.67261605677936,2039.3250782614887,826.4957335008329,
2,2,0.16,0.16,4.0,39.06,500.0,0.49,0.38,0.13,27,2142.1953157716457,2120.7438418279253,83679.50452232991,1710.2264643014992,431.9688514701466,4.112026433063711,185.04710165348718,2331.3544438581966,950.1258135008329,
2,2,0.16,0.16,4.0,39.06,500.0,0.49,0.38,0.13,28,2416.016625771646,2394.5651518279255,94375.64944420492,1929.2835123014993,486.7331134701466,4.591613933063711,197.54710165348718,2618.155341358197,1071.824173500833,
2,2,0.16,0.16,4.0,39.06,500.0,0.49,0.38,0.13,29,2689.837935771646,2668.3864618279254,105071.7943660799,2148.340560301499,541.4973754701466,5.071201433063711,209.06973539834314,2903.978872603053,1193.5225335008329,
2,2,0.16,0.16,4.0,39.06,500.0,0.49,0.38,0.13,30,2968.005615771646,2946.5541418279254,115937.71936607991,2370.874704301499,597.1309114701467,5.558401433063711,219.51212222961885,3193.076139434328,1317.152613500833,
2,2,0.16,0.16,4.0,39.06,500.0,0.49,0.38,0.13,31,3241.826925771646,3220.3754518279256,126633.86428795492,2589.9317523014993,651.8951734701466,6.037988933063712,228.77138148887812,3476.6362961935874,1438.8509735008329,
2,2,0.16,0.16,4.0,39.06,500.0,0.49,0.38,0.13,32,3515.648235771646,3494.1967618279255,137330.0092098299,2808.9888003014994,706.6594354701466,6.517576433063711,236.7446325176847,3758.9104447223945,1560.549333500833,
2,2,0.16,0.16,4.0,39.06,500.0,0.49,0.38,0.13,33,3793.8159157716455,3772.364441827925,148195.9342098299,3031.522944301499,762.2929714701465,7.004776433063712,243.32899465760238,4044.1496868623117,1684.1794135008327,
2,2,0.16,0.16,4.0,39.06,500.0,0.49,0.38,0.13,34,4067.6372257716457,4046.1857518279253,158892.0791317049,3250.5799923014993,817.0572334701466,7.484363933063712,248.42158725019496,4323.543176954905,1805.877773500833,
2,2,0.16,0.16,4.0,39.06,500.0,0.49,0.38,0.13,35,4341.458535771646,4320.007061827925,169588.2240535799,3469.6370403014985,871.8214954701466,7.963951433063711,251.91952963702624,4601.342016841736,1927.5761335008328,
2,2,0.16,0.16,4.0,39.06,500.0,0.49,0.38,0.13,36,4619.626215771645,4598.174741827925,180454.14905357987,3692.171184301499,927.4550314701465,8.45115143306371,253.71994115965998,4881.797308364368,2051.2062135008327,
2,2,0.16,0.16,4.0,39.06,750.0,0.49,0.38,0.13,0,0.0,0.0,0.0,0.0,0.0,0.0,0.0,0.0,0.0,
2,2,0.16,0.16,4.0,39.06,750.0,0.49,0.38,0.13,1,0.0,0.0,0.0,0.0,0.0,0.0,0.0,0.0,0.0,
2,2,0.16,0.16,4.0,39.06,750.0,0.49,0.38,0.13,2,0.0,0.0,0.0,0.0,0.0,0.0,1.8004115226337445,1.8004115226337445,0.0,
2,2,0.16,0.16,4.0,39.06,750.0,0.49,0.38,0.13,3,0.0,0.0,0.0,0.0,0.0,0.0,5.298353909465019,5.298353909465019,0.0,
2,2,0.16,0.16,4.0,39.06,750.0,0.49,0.38,0.13,4,0.0,0.0,0.0,0.0,0.0,0.0,10.39094650205761,10.39094650205761,0.0,
2,2,0.16,0.16,4.0,39.06,750.0,0.49,0.38,0.13,5,0.0,0.0,0.0,0.0,0.0,0.0,16.44309156378601,16.44309156378601,0.0,
2,2,0.16,0.16,4.0,39.06,750.0,0.49,0.38,0.13,6,0.24178688229750284,0.24178688229750284,9.444800089746204,0.09671475291900114,0.1450721293785017,0.0102888035020214,22.19994862397414,22.452024309773666,0.05373041828833396,
2,2,0.16,0.16,4.0,39.06,750.0,0.49,0.38,0.13,7,0.6307334984948763,0.6293809233850879,24.638027284956102,0.25229339939795054,0.37844009909692566,0.0268397233402075,27.875847059566084,28.533420281401163,0.14016299966552806,
2,2,0.16,0.16,4.0,39.06,750.0,0.49,0.38,0.13,8,1.1202238665172388,1.1180069494878246,43.75874478582964,0.44808954660689554,0.6721343199103432,0.04766910070286123,33.56234159225753,34.73023455947763,0.24893863700383087,
2,2,0.16,0.16,4.0,39.06,750.0,0.49,0.38,0.13,9,4.4475583830491665,4.405739281228181,173.73274933785805,2.9938055428196506,1.4537528402295157,0.06534476648996337,36.52859279285843,41.04149594239756,1.6632253015664724,
2,2,0.16,0.16,4.0,39.06,750.0,0.49,0.38,0.13,10,9.637522420492122,9.59148896143843,376.46571955047347,7.02986396208874,2.6076584584033804,0.08625839701360431,39.268848364614314,48.99262918212004,3.905479978938189,
2,2,0.16,0.16,4.0,39.06,750.0,0.49,0.38,0.13,11,17.274227571807955,16.89532699327032,674.7745145237483,13.002791329591556,4.271436242216403,0.11355093149080753,42.35019148385463,59.7379699871534,7.223772960884197,
2,2,0.16,0.16,4.0,39.06,750.0,0.49,0.38,0.13,12,28.882209911067577,28.402847578808377,1128.2113246510771,22.149034475092705,6.733175435974875,0.14817703053259942,45.44031959311007,74.47070653471025,12.30501915282928,
2,2,0.16,0.16,4.0,39.06,750.0,0.49,0.38,0.13,13,46.38467619597104,44.96818671750141,1811.9014139051187,35.98325273400587,10.40142346196517,0.19594363946103144,49.11238791045533,95.6930077458874,19.990695963336595,
2,2,0.16,0.16,4.0,39.06,750.0,0.49,0.38,0.13,14,71.96406066723273,69.70642665608726,2811.0961198137784,56.23811702417177,15.725943643060964,0.26202746580651726,53.71024037832301,125.93632851136226,31.2433983467621,
2,2,0.16,0.16,4.0,39.06,750.0,0.49,0.38,0.13,15,110.44609577057881,106.90227296230054,4314.300616038235,86.77666289192334,23.669432878655485,0.35463072571947984,59.2629738077508,170.06370030404912,48.209257162179625,
2,2,0.16,0.16,4.0,39.06,750.0,0.49,0.38,0.13,16,168.57862527001535,163.19223182624606,6585.102549609975,132.97123651596814,35.60738875404722,0.4882168612477311,66.49363950242729,235.56048163369036,73.87290917553787,
2,2,0.16,0.16,4.0,39.06,750.0,0.49,0.38,0.13,17,256.2702056408543,247.4749845111256,10010.55490784587,202.72072025120912,53.549485389645206,0.6829926573365661,76.31425652930265,333.2674548274935,112.62262236178286,
2,2,0.16,0.16,4.0,39.06,750.0,0.49,0.38,0.13,18,388.38931069361684,373.76250067149283,15171.457448969408,307.9224421607437,80.4668685328731,0.9647396638661296,89.0968090131235,478.45085937060645,171.0680234226354,
2,2,0.16,0.16,4.0,39.06,750.0,0.49,0.38,0.13,19,579.2671713884304,562.8370634507469,22627.62388236056,460.0343897772899,119.2327816111404,1.3592722293056423,105.71115493523888,686.3375985529748,255.5746609873833,
2,2,0.16,0.16,4.0,39.06,750.0,0.49,0.38,0.13,20,785.4893463884302,769.0592384507469,30683.177593298056,624.48337977729,161.00596661114042,1.7743972293056423,122.32638127268743,909.5901248904233,346.9352109873833,
2,2,0.16,0.16,4.0,39.06,750.0,0.49,0.38,0.13,21,1013.2494963884303,996.8193884507468,39580.05845267306,806.2402997772898,207.00919661114037,2.219334729305642,138.78728662248167,1154.2561177402176,447.91127765404997,
2,2,0.16,0.16,4.0,39.06,750.0,0.49,0.38,0.13,22,1256.3032713884302,1239.8731634507467,49074.34653861055,1000.32376977729,255.9795016111404,2.681709729305642,154.99099032618537,1413.975971443921,555.7354276540499,
2,2,0.16,0.16,4.0,39.06,750.0,0.49,0.38,0.13,23,1508.4063213884301,1491.9762134507469,58922.121929235545,1201.7524097772898,306.6539116111404,3.149147229305642,170.83461172536232,1682.390080343098,667.6402276540499,
2,2,0.16,0.16,4.0,39.06,750.0,0.49,0.38,0.13,24,1775.1115863884302,1758.681478450747,69340.29634329805,1414.9826717772899,360.1289146111404,3.629934729305642,186.2152701615763,1964.9567912793123,786.1014843207166,
2,2,0.16,0.16,4.0,39.06,750.0,0.49,0.38,0.13,25,2048.9328963884304,2032.502788450747,80036.44126517307,1634.0397197772897,414.89317661114035,4.109522229305641,201.03008497639112,2254.0725035941273,907.7998443207166,
2,2,0.16,0.16,4.0,39.06,750.0,0.49,0.38,0.13,26,2322.7542063884302,2306.324098450747,90732.58618704806,1853.0967677772896,469.6574386111404,4.589109729305641,215.17617551137056,2542.5194916291066,1029.4982043207165,
2,2,0.16,0.16,4.0,39.06,750.0,0.49,0.38,0.13,27,2600.9218863884303,2584.491778450747,101598.51118704805,2075.63091177729,525.2909746111404,5.076309729305642,228.55066110807837,2834.548857225814,1153.1282843207166,
2,2,0.16,0.16,4.0,39.06,750.0,0.49,0.38,0.13,28,2874.74319638843,2858.3130884507473,112294.65610892304,2294.6879597772895,580.0552366111403,5.555897229305642,241.05066110807837,3121.3497547258144,1274.8266443207165,
2,2,0.16,0.16,4.0,39.06,750.0,0.49,0.38,0.13,29,3148.5645063884303,3132.1343984507466,122990.80103079806,2513.74500777729,634.8194986111404,6.035484729305642,252.57329485293434,3407.17328597067,1396.5250043207166,
2,2,0.16,0.16,4.0,39.06,750.0,0.49,0.38,0.13,30,3426.73218638843,3410.302078450747,133856.72603079805,2736.2791517772894,690.4530346111403,6.522684729305642,263.01568168421005,3696.270552801946,1520.1550843207165,
2,2,0.16,0.16,4.0,39.06,750.0,0.49,0.38,0.13,31,3700.5534963884306,3684.1233884507474,144552.87095267305,2955.3361997772895,745.2172966111403,7.0022722293056425,272.2749409434693,3979.8307095612054,1641.8534443207166,
2,2,0.16,0.16,4.0,39.06,750.0,0.49,0.38,0.13,32,3974.3748063884304,3957.9446984507467,155249.01587454806,3174.3932477772896,799.9815586111404,7.481859729305642,280.2481919722759,4262.1048580900115,1763.5518043207167,
2,2,0.16,0.16,4.0,39.06,750.0,0.49,0.38,0.13,33,4252.54248638843,4236.112378450747,166114.94087454805,3396.9273917772894,855.6150946111403,7.969059729305643,286.8325541121936,4547.34410022993,1887.1818843207166,
2,2,0.16,0.16,4.0,39.06,750.0,0.49,0.38,0.13,34,4526.36379638843,4509.933688450747,176811.08579642305,3615.9844397772895,910.3793566111403,8.448647229305642,291.9251467047862,4826.737590322522,2008.8802443207164,
2,2,0.16,0.16,4.0,39.06,750.0,0.49,0.38,0.13,35,4800.18510638843,4783.754998450747,187507.23071829803,3835.04148777729,965.1436186111403,8.928234729305643,295.42308909161744,5104.536430209353,2130.5786043207163,
2,2,0.16,0.16,4.0,39.06,750.0,0.49,0.38,0.13,36,5078.35278638843,5061.922678450746,198373.15571829805,4057.5756317772893,1020.7771546111403,9.415434729305641,297.2235006142512,5384.991721731987,2254.2086843207167,
2,2,0.16,0.16,4.0,39.06,1000.0,0.49,0.38,0.13,0,0.0,0.0,0.0,0.0,0.0,0.0,0.0,0.0,0.0,
2,2,0.16,0.16,4.0,39.06,1000.0,0.49,0.38,0.13,1,0.0,0.0,0.0,0.0,0.0,0.0,0.0,0.0,0.0,
2,2,0.16,0.16,4.0,39.06,1000.0,0.49,0.38,0.13,2,0.0,0.0,0.0,0.0,0.0,0.0,1.8004115226337445,1.8004115226337445,0.0,
2,2,0.16,0.16,4.0,39.06,1000.0,0.49,0.38,0.13,3,0.0,0.0,0.0,0.0,0.0,0.0,5.298353909465019,5.298353909465019,0.0,
2,2,0.16,0.16,4.0,39.06,1000.0,0.49,0.38,0.13,4,0.0,0.0,0.0,0.0,0.0,0.0,10.39094650205761,10.39094650205761,0.0,
2,2,0.16,0.16,4.0,39.06,1000.0,0.49,0.38,0.13,5,0.0,0.0,0.0,0.0,0.0,0.0,16.44309156378601,16.44309156378601,0.0,
2,2,0.16,0.16,4.0,39.06,1000.0,0.49,0.38,0.13,6,0.24178688229750284,0.24178688229750284,9.444800089746204,0.09671475291900114,0.1450721293785017,0.0102888035020214,22.19994862397414,22.452024309773666,0.05373041828833396,
2,2,0.16,0.16,4.0,39.06,1000.0,0.49,0.38,0.13,7,0.6315361711777459,0.6303848303069326,24.669381686630697,0.25261446847109836,0.37892170270664755,0.026873879624584932,27.887560462987697,28.545970513790028,0.14034137137283242,
2,2,0.16,0.16,4.0,39.06,1000.0,0.49,0.38,0.13,8,1.1235888308375515,1.121078068383717,43.89018870459185,0.4494355323350205,0.6741532985025307,0.04781229067393836,33.603821582193085,34.77522270370457,0.24968640685278917,
2,2,0.16,0.16,4.0,39.06,1000.0,0.49,0.38,0.13,9,4.48826989491109,4.444159967967939,175.32304276996445,3.0237250618091966,1.4645448331018933,0.0656863510286344,36.603366472061836,41.15732271800155,1.6798472565606644,
2,2,0.16,0.16,4.0,39.06,1000.0,0.49,0.38,0.13,10,10.057443732835626,9.898502721637872,392.86889581389164,7.354682038536713,2.702761694298913,0.08812805642928792,39.54384149835291,49.689413287617825,4.08593446585373,
2,2,0.16,0.16,4.0,39.06,1000.0,0.49,0.38,0.13,11,18.8467958827774,18.46130186842157,736.2029641709921,14.229133907345773,4.617661975431629,0.11953999283791479,43.090267507105736,62.05660338272105,7.9050743929698735,
2,2,0.16,0.16,4.0,39.06,1000.0,0.49,0.38,0.13,12,33.09445157674349,32.22109319846349,1292.7520147165424,25.45524706136607,7.6392045153774175,0.1620401210043818,46.883095585592116,80.13958728333999,14.14180392298115,
2,2,0.16,0.16,4.0,39.06,1000.0,0.49,0.38,0.13,13,55.83372476520045,54.66837434445837,2181.0048736406425,43.42871795497969,12.405006810220767,0.22409868761031623,51.65386121802265,107.71168467083339,24.12706553054427,
2,2,0.16,0.16,4.0,39.06,1000.0,0.49,0.38,0.13,14,91.64211696080972,89.27192372166506,3579.770193781629,71.78335350869934,19.858763452110374,0.3166089500923662,58.09036107250232,150.04908698340438,39.879640838166296,
2,2,0.16,0.16,4.0,39.06,1000.0,0.49,0.38,0.13,15,149.39074934771156,145.47401676736538,5835.576146394983,117.61147185564145,31.779277492070097,0.455575395088863,66.42315222290081,216.26947696570122,65.33970658646749,
2,2,0.16,0.16,4.0,39.06,1000.0,0.49,0.38,0.13,16,242.2923050096263,235.4757350170669,9464.543164438526,191.4349883921826,50.85731661744373,0.6690593069760655,77.97847412770793,320.9398384443103,106.3527713289903,
2,2,0.16,0.16,4.0,39.06,1000.0,0.49,0.38,0.13,17,388.0024170846905,379.1800099335124,15156.344417370721,307.3321480654448,80.67026901924571,0.9927027281300054,94.29661096115181,483.29173077397223,170.74008225858043,
2,2,0.16,0.16,4.0,39.06,1000.0,0.49,0.38,0.13,18,559.7356320846905,550.9132249335123,21864.67312830822,444.07717006544476,115.65846201924572,1.3589277281300054,110.91183729860039,672.0063971114208,246.7095389252471,
2,2,0.16,0.16,4.0,39.06,1000.0,0.49,0.38,0.13,19,751.2145920846904,742.3921849335123,29344.320003308218,596.6681380654449,154.54645401924572,1.7547027281300052,127.57850396526706,880.5477987780876,331.48229892524705,
2,2,0.16,0.16,4.0,39.06,1000.0,0.49,0.38,0.13,20,957.4367670846905,948.6143599335124,37399.87371424572,761.1171280654448,196.3196390192457,2.169827728130006,144.1937303027156,1103.800325115536,422.84284892524704,
2,2,0.16,0.16,4.0,39.06,1000.0,0.49,0.38,0.13,21,1185.1969170846905,1176.3745099335124,46296.754573620725,942.8740480654448,242.3228690192457,2.614765228130006,160.65463565250982,1348.4663179653303,523.8189155919138,
2,2,0.16,0.16,4.0,39.06,1000.0,0.49,0.38,0.13,22,1428.2506920846904,1419.4282849335123,55791.04265955822,1136.957518065445,291.29317401924567,3.0771402281300055,176.85833935621352,1608.1861716690337,631.6430655919137,
2,2,0.16,0.16,4.0,39.06,1000.0,0.49,0.38,0.13,23,1680.3537420846906,1671.5313349335122,65638.81805018322,1338.3861580654448,341.9675840192457,3.5445777281300055,192.7019607553905,1876.600280568211,743.5478655919137,
2,2,0.16,0.16,4.0,39.06,1000.0,0.49,0.38,0.13,24,1947.0590070846904,1938.2365999335123,76056.99246424572,1551.6164200654443,395.44258701924565,4.0253652281300045,208.08261919160446,2159.166991504425,862.0091222585804,
2,2,0.16,0.16,4.0,39.06,1000.0,0.49,0.38,0.13,25,2220.8803170846904,2212.0579099335123,86753.13738612071,1770.6734680654447,450.2068490192456,4.5049527281300055,222.8974340064193,2448.28270381924,983.7074822585804,
2,2,0.16,0.16,4.0,39.06,1000.0,0.49,0.38,0.13,26,2494.7016270846907,2485.8792199335126,97449.28230799573,1989.7305160654446,504.9711110192457,4.9845402281300055,237.0435245413987,2736.7296918542197,1105.4058422585804,
2,2,0.16,0.16,4.0,39.06,1000.0,0.49,0.38,0.13,27,2772.8693070846907,2764.046899933512,108315.20730799572,2212.264660065445,560.6046470192456,5.471740228130006,250.41801013810652,3028.759057450927,1229.0359222585803,
2,2,0.16,0.16,4.0,39.06,1000.0,0.49,0.38,0.13,28,3046.6906170846905,3037.8682099335124,119011.35222987072,2431.3217080654445,615.3689090192456,5.951327728130005,262.9180101381065,3315.559954950927,1350.7342822585804,
2,2,0.16,0.16,4.0,39.06,1000.0,0.49,0.38,0.13,29,3320.51192708469,3311.689519933512,129707.49715174569,2650.3787560654446,670.1331710192458,6.430915228130005,274.4406438829625,3601.383486195783,1472.4326422585805,
2,2,0.16,0.16,4.0,39.06,1000.0,0.49,0.38,0.13,30,3598.6796070846904,3589.857199933512,140573.4221517457,2872.9129000654443,725.7667070192456,6.918115228130005,284.8830307142382,3890.4807530270587,1596.0627222585804,
2,2,0.16,0.16,4.0,39.06,1000.0,0.49,0.38,0.13,31,3872.5009170846897,3863.678509933512,151269.56707362068,3091.9699480654444,780.5309690192457,7.397702728130005,294.14228997349744,4174.040909786318,1717.7610822585802,
2,2,0.16,0.16,4.0,39.06,1000.0,0.49,0.38,0.13,32,4146.322227084691,4137.499819933512,161965.71199549572,3311.0269960654446,835.2952310192455,7.877290228130004,302.1155410023041,4456.315058315125,1839.4594422585803,
2,2,0.16,0.16,4.0,39.06,1000.0,0.49,0.38,0.13,33,4424.4899070846905,4415.667499933513,172831.6369954957,3533.5611400654443,890.9287670192455,8.364490228130006,308.69990314222173,4741.554300455043,1963.0895222585802,
2,2,0.16,0.16,4.0,39.06,1000.0,0.49,0.38,0.13,34,4698.31121708469,4689.488809933512,183527.78191737068,3752.6181880654444,945.6930290192455,8.844077728130005,313.79249573481434,5020.947790547635,2084.7878822585803,
2,2,0.16,0.16,4.0,39.06,1000.0,0.49,0.38,0.13,35,4972.13252708469,4963.310119933513,194223.9268392457,3971.6752360654446,1000.4572910192456,9.323665228130006,317.2904381216456,5298.746630434466,2206.48624225858,
2,2,0.16,0.16,4.0,39.06,1000.0,0.49,0.38,0.13,36,5250.300207084691,5241.477799933514,205089.8518392457,4194.209380065444,1056.0908270192454,9.810865228130005,319.0908496442794,5579.2019219571,2330.11632225858,
